Name,H2S,CH4_withH2S,CO2,CH4_withCO2,GCMC_H2S_CH4,GCMC_CO2_CH4,LCD,PLD,PV,H2S_HEAT,CO2_HEAT,CH4_HEAT,,,,
ABW-0,0.412744201,0.109555809,0.655653205,0.1133872,3.767433273,5.782426991,3.61163,3.10046,0.237557,-19.14019317,-27.09457015,-14.85912704,,,,
ABW-1,0.054142229,0.002669838,0.05086561,0.002727626,20.27922109,18.64830532,3.38975,3.04443,0.184595,-17.74923401,-22.07896487,-6.406619241,,,,
ACO-0,1.425123172,1.072889514,0.355770326,0.908761913,1.328303757,0.391489037,3.91932,3.15925,0.278805,-18.97446419,-22.64127581,-17.98073571,,,,
AEI-0,1.50079169,1.372389061,1.338863912,1.229674098,1.093561391,1.088795734,6.90319,3.44131,0.333385,-16.37312404,-19.81874219,-16.09599575,,,,
AEL-0,0.483885553,0.790355187,0.541789826,0.696869258,0.612238094,0.777462658,5.22554,4.07159,0.186703,-18.06048861,-23.30195416,-19.64306918,,,,
AEN-0,0.393375357,0.118462974,0.516141662,0.118150915,3.320660834,4.368494849,3.90726,3.18878,0.171894,-20.21150836,-28.43323482,-16.23021399,,,,
AET-0,0.570345532,0.654127583,0.558857139,0.587849728,0.871917875,0.950680272,7.76765,7.17146,0.223427,-12.55462242,-14.77848063,-13.15768108,,,,
AET-1,1.354584363,0.585445718,0.925994502,0.618893815,2.313765942,1.496209009,7.54739,6.82582,0.242975,-19.62244028,-17.7919044,-12.95840569,,,,
AFG-0,0.743389929,1.02183898,0.665879877,0.936708526,0.727502027,0.710872015,5.83766,2.14429,0.254408,-19.38391816,-21.77931495,-19.60816909,,,,
AFG-1,2.546447317,0.868521718,1.219518698,1.145653187,2.931932807,1.064474582,5.62596,1.94522,0.277613,-27.45992959,-24.54586844,-19.01257733,,,,
AFI-0,0.671847523,0.834337778,0.68919569,0.757359383,0.805246438,0.90999822,7.56744,7.01861,0.268397,-13.2639241,-16.07882671,-14.32115257,,,,
AFN-0,0.710404141,0.738631993,0.853242387,0.627365638,0.961783606,1.360040039,4.75303,3.08413,0.247178,-19.14415661,-25.01054376,-18.89428715,,,,
AFO-0,0.492165517,0.797487468,0.59073454,0.683461125,0.617145143,0.86432793,5.02827,4.33443,0.190675,-17.96267936,-22.97802019,-19.32337568,,,,
AFR-0,1.509255807,1.360081224,1.326441269,1.220455645,1.109680643,1.086841029,7.81561,6.57251,0.331866,-16.86086827,-17.41086809,-14.69588704,,,,
AFS-0,1.740172831,1.510824358,1.405622514,1.395339428,1.151803532,1.007369594,9.11169,5.61223,0.361282,-15.67434068,-17.03808712,-14.30768966,,,,
AFT-0,1.25822685,1.37694281,1.343918496,1.171461618,0.913782941,1.147215133,7.13987,3.28053,0.331539,-16.41436582,-20.59818024,-16.32598788,,,,
AFV,0.995925758,1.224002587,1.091186185,1.044055266,0.813663116,1.045142169,6.4479,3.06438,0.31183,-17.74339344,-20.95719065,-18.05531625,,,,
AFX-0,1.224561724,1.361012393,1.358253946,1.16782093,0.899743258,1.163066965,7.11659,3.33392,0.341889,-16.56856623,-21.02967692,-16.50198505,,,,
AFY-0,3.864717264,1.684216862,2.24492324,1.612651342,2.294667243,1.392069806,7.42157,5.50247,0.387127,-21.26018989,-20.24161767,-14.5546777,,,,
AHT-0,0.056881413,0.002336108,0.194495079,0.002019715,24.34879432,96.29828393,3.39623,2.13223,0.19589,-17.65329907,-27.3344467,-4.704979277,,,,
ANA-0,0.102455505,0.024389398,0,0.024212179,4.200821394,0,3.67874,2.03085,0.190012,-17.6327609,8.899263191,-13.23293871,,,,
APC-0,0.750254744,0.2230138,0.353302749,0.22922464,3.364162861,1.541294812,3.82541,2.69029,0.22774,-20.74582697,-26.23545689,-15.63680807,,,,
APD-0,1.848390213,1.478873401,0.208173663,2.271381794,1.249863722,0.09165067,4.21666,3.22754,0.223786,-24.15511018,-28.53959733,-22.75637574,,,,
AST-0,0.926264953,1.313267372,0.934151954,1.189565661,0.705313307,0.785288265,7.19513,1.46106,0.307698,-16.80040696,-20.03275393,-18.41204391,,,,
AST-1,0.68165465,1.02370594,0.841141048,0.799966603,0.665869586,1.051470206,6.10129,1.14,0.243447,-20.03816349,-24.28184644,-20.87944445,,,,
ASV-0,0.857069925,0.815798394,0.771548434,0.805351353,1.050590355,0.958027115,4.94907,4.0279,0.192293,-22.31205352,-28.03330327,-20.85839101,,,,
ATN-0,0.814354447,1.004093998,1.142062582,0.729848111,0.811034075,1.564794873,5.51283,3.70725,0.226362,-21.57047888,-27.82335596,-21.24419313,,,,
ATN-1,1.872988298,0.326102718,2.537952617,0.091409429,5.743553165,27.76466988,5.51228,3.69006,0.126882,-48.63816674,-62.61366162,-34.12213829,,,,
ATO-0,0.418432535,0.727413281,0.416972407,0.68897224,0.575233566,0.6052093,5.33731,5.08989,0.201114,-16.96170632,-21.02151041,-18.84314151,,,,
ATS-0,1.023164267,0.975519414,1.236073233,0.783830458,1.048840497,1.576965044,6.58439,6.37122,0.286694,-15.78839546,-18.71333349,-14.55636297,,,,
ATS-1,1.010265831,0.940279867,1.121709404,0.769364021,1.074430992,1.457969665,6.53185,6.21082,0.273219,-16.2777509,-18.7908647,-14.7969884,,,,
ATT-0,1.210488251,1.18968432,1.506520476,0.949637784,1.017486933,1.586415897,4.90334,3.39122,0.257145,-21.45763332,-29.28446641,-20.94194586,,,,
ATV-0,0.816016835,1.009424042,0.118016074,1.284983658,0.808398454,0.091842471,3.9155,3.04175,0.195237,-21.40952752,-25.20044922,-22.31249118,,,,
ATV-1,0.508592532,0.312607949,0.017111233,0.336411113,1.626934097,0.050864053,3.88593,2.77064,0.182199,-21.58657451,-21.82823246,-19.49139413,,,,
AVE,0.864932398,1.228071425,0.885910978,1.121891759,0.704301379,0.789658156,6.13015,2.85759,0.280013,-18.23505782,-21.51143083,-18.9536529,,,,
AVL,1.071787676,1.283001506,1.228255248,1.086242555,0.835375228,1.130737552,6.57868,3.15024,0.305945,-19.0630933,-24.41430795,-18.98304355,,,,
AWO-0,2.095129162,0.454665566,0.328780116,1.439731672,4.6080665,0.228362078,4.49867,3.26529,0.223421,-27.90701173,-29.13098043,-22.25761653,,,,
AWW-0,0.839007105,0.875652843,0.909902276,0.770331019,0.958150381,1.181183484,6.89355,3.76609,0.25945,-18.39079563,-21.67001513,-18.64189903,,,,
BEA-0,1.212175681,1.411750386,1.293766095,1.238349626,0.85863315,1.044750262,6.11948,5.63398,0.321428,-15.01707099,-17.25544113,-14.95602691,,,,
BEA-1,1.238628456,1.422919496,1.308038458,1.244259964,0.87048386,1.051258174,6.12348,5.71304,0.326303,-15.25676096,-17.41749806,-15.00218731,,,,
BEA-B-1,1.292588651,1.395235821,1.320500591,1.243991247,0.926430236,1.061503121,6.09102,5.77541,0.33028,-15.31694766,-17.37507675,-14.88425859,,,,
BEC-0,1.169523771,1.418431241,1.28584471,1.247499984,0.824519185,1.030737256,6.23638,5.90749,0.335124,-14.64806853,-17.12034302,-15.02267668,,,,
BEC-2,1.345694536,1.320425465,1.426695024,1.141989383,1.019137067,1.249306732,6.36482,5.90302,0.348181,-14.77219854,-17.58616026,-14.32958358,,,,
BIK-0,0.437396859,0.105932458,0.692487719,0.092721962,4.129016418,7.468432535,3.76407,3.14631,0.210274,-21.1390147,-29.00180227,-15.98765623,,,,
BIK-1,0.022338798,0.001826123,0.068754679,0.001719792,12.23291128,39.97849425,3.42532,2.86909,0.150557,-15.58282656,-24.29551869,-6.513752588,,,,
BOF-0,0.987023217,1.298504287,0.861436824,1.249287581,0.760123187,0.689542453,5.16497,4.18317,0.221945,-20.40893446,-24.7210728,-20.44050883,,,,
BOG-0,1.122793905,1.349316924,1.133597502,1.188557441,0.832120227,0.953759122,7.49162,6.47542,0.296507,-15.30894591,-17.97573912,-15.7476461,,,,
BOG-1,1.412569541,1.278421752,1.290436022,1.141725482,1.104932342,1.130250697,7.83993,6.63915,0.31234,-17.06945865,-19.12493608,-15.81184911,,,,
BOZ-0,1.439604851,1.663509414,1.444633975,1.534000424,0.865402287,0.941742879,8.30506,4.5183,0.441339,-14.1510175,-16.46169282,-14.46332101,,,,
BPH-0,1.356508727,1.396483094,1.403135949,1.239861419,0.971374972,1.131687725,9.10839,5.61418,0.365193,-15.2852256,-17.68597393,-14.51578651,,,,
BRE-0,0.698850833,1.056355975,0.994651518,0.846969616,0.661567548,1.174365052,4.88311,2.55754,0.220089,-21.53762581,-28.45240251,-21.67117216,,,,
BRE-1,0.900191271,0.835761499,1.120021203,0.682400125,1.077091099,1.641296892,5.01986,2.72135,0.24223,-22.57077188,-27.98646765,-20.48353324,,,,
BSV-0,0.724210824,1.179431161,0.431755237,1.325912502,0.614033992,0.325628755,4.76811,3.43565,0.212721,-19.48255578,-23.23930957,-21.40946495,,,,
CAN-0,0.797622693,0.914253123,0.508042255,0.828325185,0.87243092,0.613336723,5.76422,5.43027,0.261503,-16.88857815,-19.21604135,-17.59802875,,,,
CAN-1,1.248081724,0.877417324,0.427826409,0.843088271,1.422449374,0.507451501,5.55816,5.35635,0.245478,-19.9715933,-19.95284822,-18.39022281,,,,
CAS-0,0.955114226,1.155294267,0.122737411,1.58040525,0.826728092,0.077661986,4.43572,2.57334,0.203385,-23.53822907,-24.79256693,-23.51294208,,,,
CAS-1,0.264637553,0.078700498,4.24E-05,0.091541147,3.36259056,0.000462944,3.74103,2.33672,0.153906,-21.90233251,-7.842086698,-17.58936112,,,,
CDO-0,0.503015923,1.068351175,0.394182472,1.138795595,0.470833874,0.346139794,4.98695,3.04005,0.220398,-19.3387405,-21.62552722,-21.0870388,,,,
CDO-1,0.553731282,1.070859204,0.34108044,1.249977193,0.51709065,0.27286933,4.84207,2.87427,0.198702,-21.0188353,-22.91447466,-22.67604174,,,,
CFI-0,0.626377451,0.760100493,0.693889095,0.650801844,0.824071892,1.066206407,7.07089,6.86062,0.27244,-13.13028173,-16.06229153,-13.92952188,,,,
CFI-1,0.90264209,0.593671939,0.922122659,0.524854271,1.520439203,1.756911795,6.77229,6.53052,0.232396,-16.88741499,-19.21762203,-14.98161931,,,,
CGF-0,0.661582325,0.971023454,0.645846463,0.976831217,0.681324763,0.661164848,5.35689,2.62714,0.19688,-22.27749374,-28.5467278,-22.42529579,,,,
CGS-0,0.712118539,1.072033037,0.851628396,0.936527936,0.66426921,0.909346495,5.31725,3.60812,0.264968,-18.84716539,-22.53347546,-18.9181986,,,,
CHA-0,1.346774542,1.346096488,1.265819001,1.211271609,1.000503719,1.045033163,6.74115,3.3192,0.338777,-16.47376432,-19.54736495,-16.29023663,,,,
CON-0,1.246003532,1.385178524,1.280059236,1.209035278,0.899525592,1.058744322,6.76517,5.19932,0.306642,-15.74549614,-18.15980747,-15.53230834,,,,
CON-1,5.01969476,0.374465887,5.502040918,0.016116378,13.40494538,341.3943932,6.674,5.21396,0.315608,-80.77504106,-63.19075451,-14.32134941,,,,
CON-2,1.18880263,1.443964488,1.183571927,1.283176523,0.823290766,0.922376544,6.69693,5.47825,0.295472,-15.86279467,-18.22071964,-16.14568322,,,,
CSV,1.321354708,1.271050804,1.21562451,1.148233645,1.039576627,1.058690899,7.1282,4.90957,0.282807,-15.93056355,-18.46570379,-15.46922046,,,,
CZP-0,0.646122404,0.329265541,0.442573281,0.360423761,1.962314071,1.227924819,3.75947,3.2385,0.151472,-21.24380613,-27.81542951,-19.77117525,,,,
DAC-0,1.398902514,1.249131552,0.995439177,1.525812269,1.119900072,0.652399511,4.79198,3.42236,0.24258,-24.54986269,-24.56960862,-21.40883135,,,,
DDR-0,1.053585007,1.39154871,0.623899087,1.67487975,0.757131245,0.372503809,7.07203,3.24572,0.235032,-22.43864534,-20.79112312,-23.84034044,,,,
DDR-1,1.189759831,1.495318715,0.801875941,1.778523391,0.79565635,0.45086612,7.10324,3.31393,0.248187,-22.924743,-21.64301733,-24.96652567,,,,
DFO-0,1.384980692,1.491414861,1.41472716,1.318836802,0.928635438,1.072708283,10.8902,6.78508,0.345983,-15.11670882,-17.67919578,-15.24085575,,,,
DFO-1,1.922566863,1.312608231,1.646605878,1.214766716,1.464692067,1.355491434,11.41714,6.9712,0.37869,-18.88365764,-18.17435101,-14.3830162,,,,
DFT-0,1.878783455,1.53058417,0.199139123,2.388031166,1.227494372,0.083390504,4.1931,3.24838,0.240376,-24.13876579,-29.00434281,-22.52303117,,,,
DOH-0,1.048108361,2.181702294,0.665816423,2.474821062,0.480408516,0.269036187,7.26343,2.22112,0.254769,-23.10357437,-23.39467295,-25.63895083,,,,
DOH-1,1.038992704,2.21195003,0.433301906,2.736386749,0.469717982,0.158348196,6.8866,2.08437,0.218275,-25.23676144,-22.77240194,-27.76841143,,,,
DON-0,0.670985268,0.87546515,0.679368602,0.782175775,0.766432871,0.868562571,8.17675,7.67107,0.25874,-12.24687808,-14.45413158,-13.10247397,,,,
DON-1,0.657742266,0.854696976,0.692439321,0.757900189,0.769561943,0.913628643,8.25079,7.5977,0.251401,-12.26520611,-14.47148122,-13.07512796,,,,
EAB-0,0.978134032,1.446412527,1.158491267,1.228700679,0.676248313,0.942858815,6.62727,3.14057,0.298811,-18.75961671,-23.88842759,-19.0270454,,,,
EAB-1,1.055159942,1.20471195,1.164634847,1.067873455,0.875860775,1.090611291,6.46592,2.61534,0.329698,-19.75271547,-25.11037051,-17.90632155,,,,
EAB-2,1.602477963,0.917073211,1.136084663,0.95938481,1.747382807,1.184180374,6.60388,3.33443,0.301392,-22.17197213,-24.09868899,-18.95826826,,,,
EDI-0,0.910180279,1.777466514,0.535152984,2.070705403,0.512066062,0.258439942,4.88186,3.03748,0.291299,-19.30636026,-21.30092628,-21.11499022,,,,
EDI-1,0.702488631,0.734879888,0.290618888,0.815506677,0.955923059,0.356366044,4.51779,2.60823,0.259162,-20.63987011,-24.23927344,-19.82814247,,,,
EDI-2,1.043983762,1.57686026,0.703198738,1.728756691,0.662064857,0.406765592,5.15353,3.32569,0.336763,-18.65632668,-20.46516643,-18.92737469,,,,
EEI,0.522652984,0.732140242,0.52198171,0.635277142,0.71387004,0.821659833,6.18423,2.23772,0.229953,-16.98169046,-20.27419271,-18.08371775,,,,
EMT-0,1.560398803,1.951304656,1.553914911,1.859715352,0.799669492,0.835565996,11.00067,6.96665,0.424397,-18.58470091,-17.5179567,-21.85922996,,,,
EMT-1,1.650575173,1.851229082,1.590261112,1.770527169,0.891610438,0.898185094,11.17235,6.96748,0.437712,-18.17865462,-17.115585,-20.62295451,,,,
EMT-2,1.8682623,1.815619688,1.690692086,1.770466491,1.028994295,0.95494159,11.09877,7.11366,0.436959,-18.08195334,-16.8462947,-20.76203276,,,,
EON-0,0.920050357,1.027336226,0.774006765,1.066558569,0.895568883,0.725704886,7.26853,6.38739,0.269266,-22.21627915,-22.24909947,-20.45756817,,,,
EON-1,1.185980065,0.788531376,1.225777984,0.654124116,1.50403662,1.873922631,7.03308,6.3556,0.261931,-28.54503002,-31.42462235,-19.97215284,,,,
EPI-0,1.381047252,1.211274177,1.208504654,1.219652093,1.140160732,0.990860148,4.92572,3.22497,0.233851,-22.98811452,-26.22991344,-21.02436993,,,,
EPI-1,1.816191796,0.726945674,1.236498943,1.159619751,2.498387241,1.066296897,5.02268,3.22668,0.232756,-26.72362177,-27.60935753,-21.31645844,,,,
ERI-0,0.914679475,1.229296545,0.929314141,1.116076932,0.744067393,0.832661365,6.3018,3.02119,0.298157,-17.04044188,-19.56116955,-17.28980465,,,,
ERI-1,1.307180296,1.005548989,1.102171688,1.01624375,1.299966795,1.084554456,6.45751,3.2391,0.307869,-19.0639126,-20.38120191,-16.76281856,,,,
ESV-0,0.717666254,0.895073697,0.641535426,0.769448778,0.801795714,0.833759757,5.67049,3.26077,0.235583,-20.02146099,-23.89244794,-20.73829075,,,,
ESV-1,0.992890696,1.035349977,0.815629651,0.939590256,0.958990407,0.868069508,5.96979,3.18264,0.255352,-19.55340277,-23.60870323,-20.11878831,,,,
ETL,0.477900956,0.576684952,0.384109902,0.481998174,0.828703704,0.79691153,5.77103,2.9903,0.214696,-19.5140096,-22.64429776,-19.75278592,,,,
ETR-0,1.113348343,1.221338078,1.041323402,1.098360845,0.9115808,0.948070397,9.61116,8.92233,0.325667,-17.54069088,-20.05887707,-18.34599246,,,,
ETR-1,1.105624884,1.07266799,0.993418018,1.009016632,1.030724225,0.984540776,9.65447,9.30299,0.344372,-17.88823412,-18.39524237,-16.88222039,,,,
EUO-0,0.860081541,0.938948251,0.866966651,0.779280561,0.916005265,1.11252185,6.26105,4.54296,0.2538,-17.01113098,-20.43464264,-17.23640665,,,,
EUO-1,0.822904422,0.888332783,0.92430377,0.71777275,0.926347015,1.28773873,6.04467,3.96085,0.229015,-19.12580501,-22.97574067,-19.02796979,,,,
EWS,0.821521208,1.207494796,0.886919231,1.086173209,0.680351759,0.81655414,5.69128,3.44896,0.248944,-17.29663032,-20.73866271,-18.25985891,,,,
EZT-0,0.847193836,1.163151604,0.877444292,1.045482262,0.728360631,0.83927229,5.90376,5.61065,0.252326,-16.75564299,-19.86416267,-17.37505988,,,,
FAR-0,0.761379825,1.280962941,0.77245324,1.225010275,0.594380837,0.630568784,5.89683,2.07,0.258163,-20.59614831,-24.02316927,-22.07016585,,,,
FAR-1,1.105730004,1.267150892,1.049847785,1.158741501,0.872611155,0.906024151,5.90621,2.07951,0.291628,-20.48427189,-23.57520734,-20.26635454,,,,
FAU-0,1.585974635,1.958893757,1.563222503,1.897043238,0.809627694,0.824031035,10.70166,6.95049,0.434004,-18.4619836,-17.45482368,-21.76990419,,,,
FAU-1,1.600790934,1.874106905,1.597063563,1.799674342,0.854162017,0.887418088,10.90711,7.03981,0.460533,-17.14964255,-17.07445847,-19.9398878,,,,
FAU-2,1.756486683,1.91843878,0,0,0.915581305,0,10.5396,6.70215,0.423149,-18.79327923,-18.34656599,-22.05989082,,,,
FAU-3,1.587274881,1.813422273,1.617260713,1.719559706,0.875292481,0.940508612,11.10678,7.03729,0.480405,-17.362342,-18.28536854,-19.29886834,,,,
FAU-4,1.718653869,1.934048229,1.661087659,1.84347095,0.888630305,0.901065275,10.60884,6.82418,0.429346,-18.68026953,-17.87159108,-22.07441031,,,,
FAU-5,1.767452088,1.811311541,1.752141695,1.70723121,0.975785804,1.026306036,11.09581,7.05871,0.488467,-16.60122567,-17.42181699,-18.93710598,,,,
FAU-6,1.422908661,1.71804492,1.467338055,1.673882077,0.828213887,0.876607782,11.5185,7.69602,0.529277,-16.61875239,-16.12942003,-17.55499214,,,,
FER-0,0.789705642,1.278205044,0.706749969,1.22066484,0.617823913,0.578987734,5.42308,4.28921,0.241689,-19.25450541,-22.93641489,-20.51885349,,,,
FER-1,0.792514173,1.26790132,0.780875529,1.182241136,0.625059821,0.660504448,5.39564,4.30956,0.235855,-19.58897806,-24.39002363,-20.75641765,,,,
FER-2,0.89635468,1.168834159,0.715973045,1.196925244,0.766879264,0.598176911,5.26057,4.13529,0.221778,-21.59945023,-25.50561234,-21.93619933,,,,
FRA-0,0.912512784,1.71151316,0.951735128,1.551982457,0.533161419,0.613238328,6.02987,2.2811,0.304535,-18.57216306,-22.24720245,-20.32748803,,,,
FRA-1,1.24561299,1.463407027,1.331060126,1.372566279,0.851173302,0.969760183,5.91959,2.05344,0.299282,-21.71802112,-25.20566403,-20.47374989,,,,
GIS-0,1.451035623,1.339333927,2.920139844,0.690428515,1.083400931,4.22946008,4.5682,2.87958,0.278731,-20.00850496,-29.62857174,-19.52875029,,,,
GIS-1,2.360614282,0.577101031,2.848073488,0.466847904,4.090469706,6.100645332,4.4865,2.87952,0.306118,-24.5667049,-29.39894716,-17.73854652,,,,
GIS-2,2.37694922,0.645900399,2.80248206,0.388941037,3.680055352,7.205416221,4.45656,3.03787,0.287068,-28.09414966,-38.33648771,-19.34186661,,,,
GIS-4,1.917629257,0.951702766,3.153421251,0.489416316,2.014945553,6.443228691,4.43464,3.1132,0.293847,-22.31836097,-30.75716983,-18.73685963,,,,
GIS-5,2.564539032,0.677907631,3.036533983,0.502129829,3.783021334,6.047308496,4.63409,3.16109,0.311194,-24.5406329,-29.74898516,-18.25888553,,,,
GIS-6,2.025624771,1.086103862,2.917157948,0.58092279,1.865037813,5.02159323,4.79225,2.88581,0.297637,-24.0080803,-34.47475162,-18.90549199,,,,
GIU-0,0.619756793,1.167424115,0.666072506,1.043309407,0.530875442,0.638422794,5.85726,2.15436,0.252407,-19.8141043,-22.97455427,-21.52839048,,,,
GIU-1,1.091524442,1.260117183,0.791497092,1.167770847,0.86620868,0.677784596,5.9233,1.99232,0.286308,-20.00561521,-23.18362176,-19.74321671,,,,
GME-0,1.096577742,1.43948302,1.428403001,1.185829172,0.761785812,1.204560517,7.11746,6.69656,0.333485,-16.36717595,-22.87237881,-16.89975822,,,,
GME-1,1.644635458,1.228289737,1.477274259,1.213475284,1.338963771,1.217391304,7.21157,6.58149,0.343462,-20.72811523,-20.67761763,-16.13163134,,,,
GON-0,0.489499147,0.688276368,0.448294362,0.607817167,0.711195632,0.737548043,5.67216,4.87232,0.19936,-15.98082042,-19.48621514,-17.62774328,,,,
GON-1,0.704390746,0.561220697,0.568723114,0.527531332,1.25510472,1.078084049,5.76588,5.10201,0.197787,-19.11501044,-20.92110817,-17.73588628,,,,
GOO-0,0.641922611,0.52723661,0.650577912,0.554056343,1.217522832,1.174208941,3.93929,2.59617,0.206986,-21.10516729,-26.72759627,-19.65427655,,,,
GOO-1,0.408654206,0.227432468,0.543814742,0.220918238,1.796815596,2.461610901,3.88708,2.5802,0.225072,-19.63060126,-25.65131981,-16.89538506,,,,
HEU-0,1.00957776,1.342745771,1.182675707,1.188496185,0.751875583,0.995102654,5.22412,3.26915,0.239246,-20.37364177,-26.87543358,-20.45381363,,,,
HEU-1,1.270685579,1.127041374,1.647093404,0.85545762,1.127452468,1.925394509,5.40545,3.32243,0.254437,-21.22692178,-29.4807543,-19.70485315,,,,
HEU-2,1.227427273,1.155778537,1.472733352,0.959407926,1.061991752,1.535043971,5.29972,3.3398,0.247757,-21.49168853,-28.68746619,-20.01846417,,,,
IFO-0,0.737052917,0.881843938,0.83051024,0.768687893,0.835808792,1.08042581,7.42211,6.97938,0.253279,-12.83715416,-15.3415187,-13.27744793,,,,
IFR-0,0.85078107,1.124894524,0.970147955,0.951242383,0.75632075,1.01987461,6.56829,5.98202,0.254631,-16.01420708,-19.06812246,-16.75475224,,,,
IFR-1,1.0995354,1.042133888,1.069027303,0.92620832,1.055080745,1.154197473,6.59127,5.86814,0.259684,-17.66621679,-19.97116556,-16.78537304,,,,
IFW,1.237374441,1.216332133,1.127347654,1.132132558,1.017299805,0.995773548,7.21572,5.23361,0.302193,-16.06145379,-17.68342069,-14.930198,,,,
IFY,1.160032941,0.98724474,1.058608001,0.886351457,1.175020634,1.194343387,6.39051,3.42514,0.237165,-19.99760134,-23.77205667,-18.37945398,,,,
IHW-0,0.618263093,0.796285298,0.700260299,0.652710934,0.776434143,1.072849039,6.0806,3.27365,0.213073,-17.83475696,-21.84816618,-18.23304036,,,,
IHW-1,0.727914666,0.776831146,0.822797926,0.621628872,0.937030743,1.323616008,6.04945,3.20909,0.208303,-19.17384345,-23.38194786,-18.56995965,,,,
IMF-0,0.995349605,1.211814501,0.8862301,1.164271741,0.821371261,0.761188363,6.69777,4.88684,0.240541,-18.24987811,-21.75685761,-18.42407883,,,,
IMF-1,1.110661168,1.169108655,0.951670019,1.097511351,0.950006797,0.867116334,6.7497,5.03652,0.2379,-19.19864552,-22.57668137,-18.72460628,,,,
IRN,1.541639085,1.522648715,1.319254114,1.388463363,1.012471931,0.950154069,8.62335,3.24418,0.32791,-17.50795972,-22.60090585,-17.27093272,,,,
IRR-0,1.58997239,1.700161208,1.662082014,1.582170916,0.935189194,1.050507247,13.91522,11.71419,0.526331,-13.03034383,-13.5052686,-11.84998677,,,,
IRR-1,2.069599005,1.577538041,1.803252685,1.520479261,1.31191702,1.185976508,14.28514,12.1276,0.572769,-14.95690603,-13.64744485,-10.86887784,,,,
ISV-0,1.177132616,1.416438494,1.30082354,1.228425862,0.831050992,1.058935325,6.37088,5.78539,0.334664,-14.50708887,-17.02277643,-14.55050233,,,,
ISV-1,1.237359994,1.410203094,1.346855125,1.243338235,0.877433896,1.083257225,6.38654,5.69283,0.325755,-14.86274592,-17.81104879,-14.87805433,,,,
ITE-0,1.358990751,1.379330928,1.179140773,1.24816648,0.985253592,0.944698317,7.77939,3.81465,0.295573,-16.33564852,-18.9077323,-16.1159382,,,,
ITE-1,1.749081784,1.192260251,1.531398991,1.089839901,1.467030191,1.405159592,7.61624,3.45205,0.284464,-19.12123399,-21.4998081,-16.74352351,,,,
ITG,0.969350884,1.059299814,1.027410361,0.950333449,0.915086429,1.081105123,6.43907,5.89844,0.279374,-16.3694098,-19.13599452,-16.2909539,,,,
ITH-0,0.923760556,1.003528769,0.882813137,0.899033599,0.920512281,0.981957892,6.29582,4.67509,0.250093,-18.18000555,-21.36595441,-17.95997847,,,,
ITH-1,1.51711507,0.918737893,1.075949563,0.886003073,1.65130347,1.214385813,6.07089,4.42806,0.241472,-22.80603059,-24.35832958,-18.83498391,,,,
ITR-0,0.945469292,0.985526765,0.907551652,0.873953305,0.959354252,1.038444099,5.95862,4.72055,0.251962,-18.12171818,-21.33053442,-17.81486794,,,,
ITR-1,1.321113976,0.835319911,1.050732227,0.82658969,1.581566487,1.271165416,6.07669,4.5312,0.248115,-20.86244237,-23.90229767,-18.21688255,,,,
ITT-0,1.580700726,1.722692074,1.596572014,1.662999868,0.917575898,0.960055406,12.77099,11.60257,0.454652,-17.14505585,-16.72627249,-15.22846998,,,,
ITW-0,1.299563746,0.865079438,1.088351842,0.731148357,1.502247874,1.488551308,4.1615,3.47799,0.235473,-20.11380702,-26.01423379,-19.06366185,,,,
ITW-1,1.225513312,0.482240887,1.254338313,0.392373686,2.541288691,3.196795193,4.07851,3.31784,0.226507,-22.04979354,-28.16888893,-18.44669408,,,,
IWR-0,1.176115535,1.410519693,1.249183561,1.265364396,0.833817167,0.98721251,6.9016,5.50682,0.303606,-15.49527902,-18.06270503,-15.62133101,,,,
IWR-1,2.099176022,1.05263265,1.823305997,1.013825064,1.994215192,1.798442416,7.05779,5.50032,0.308858,-22.11231081,-28.24309281,-15.559772,,,,
IWS-0,1.277948734,1.369787889,1.33471695,1.211788156,0.93295374,1.101444128,7.63416,6.25829,0.356827,-14.40089115,-16.2926593,-13.96816898,,,,
IWS-1,1.449899338,1.320492772,1.407742825,1.190407019,1.097998693,1.182572685,8.03688,6.61551,0.371512,-14.05084711,-15.72394698,-13.27186097,,,,
IWV-0,1.455346254,1.324113601,1.333838526,1.200255393,1.099109814,1.11129559,8.13768,6.63317,0.339114,-15.00305063,-15.87406609,-13.25958002,,,,
IWV-1,1.983598196,1.066911324,1.646881107,0.929609033,1.859196872,1.771584665,7.7539,5.89169,0.313097,-18.57613862,-19.51535788,-13.5573127,,,,
IWW-0,0.922390138,1.150440843,0.973244191,1.025415825,0.801771029,0.949121485,6.55576,5.84333,0.275766,-16.39291968,-19.36206803,-16.56392451,,,,
IWW-1,1.186880743,0.988130559,1.053174212,0.909987033,1.201137575,1.157350791,6.29785,5.61549,0.286796,-17.91417437,-20.68554674,-16.11859605,,,,
JBW-0,0.8667033,0.16762767,1.445890503,0.112370119,5.170407142,12.86721522,3.85599,3.32384,0.200347,-23.39804404,-32.14707384,-17.67178579,,,,
JNT,0.792352364,0.535003411,0.353614808,0.559625729,1.481023015,0.631877323,4.05001,1.44636,0.166698,-24.15977783,-28.1070363,-22.26337376,,,,
JOZ-0,0.936717772,1.071268348,0.661421672,1.191112857,0.87440068,0.555297232,4.42457,3.0963,0.27389,-19.90736648,-23.97321103,-19.46503941,,,,
JRY-0,1.090927774,0.950691946,1.182335043,0.776675736,1.14750922,1.522302022,4.10173,3.72442,0.209198,-20.83700607,-27.63953629,-19.92881267,,,,
JSN-0,1.069883731,1.183514799,0.749029913,1.16494209,0.903988469,0.642976092,4.53475,3.05523,0.239475,-21.10203059,-25.93464854,-21.42994955,,,,
JSR-0,2.079677909,2.181976903,2.033722894,1.962131368,0.953116372,1.036486612,7.43146,4.54246,0.492683,-13.64447833,-15.70748872,-13.06312781,,,,
JST-0,1.914134967,1.291429987,1.553637526,1.256522726,1.482182531,1.23645796,4.94733,3.33236,0.369871,-17.81332573,-22.07714355,-17.19303922,,,,
JSW-0,0.619853108,0.746624169,0.824979862,0.501438291,0.830207664,1.645227092,4.98415,2.17672,0.221491,-20.39136048,-26.62579909,-20.51264102,,,,
KFI-0,1.27600474,1.256219335,1.568664031,1.00463047,1.01574996,1.561433859,10.15744,3.63866,0.336331,-17.37269778,-23.49653544,-15.95411373,,,,
KFI-1,1.525976966,1.108069345,1.780972476,0.878788361,1.377149339,2.026622739,10.27143,3.61808,0.340049,-18.52809559,-25.57047504,-15.76639178,,,,
LAU-0,0.770804886,1.141638799,0.713921546,1.052501662,0.675174045,0.678309187,5.47479,3.66761,0.228232,-18.66877658,-22.47819134,-19.72267408,,,,
LAU-1,0.872948332,0.938037666,0.830851193,0.870902612,0.930611172,0.954011599,5.46587,3.88589,0.237354,-18.8857356,-21.8754861,-18.52762739,,,,
LAU-2,0.719449998,0.909374473,0.606103251,0.901692429,0.791148223,0.67218403,5.37025,3.67197,0.22281,-19.00716683,-22.17781677,-19.43434505,,,,
LEV-0,0.897346291,1.164992709,1.018783028,1.006718461,0.770259148,1.011984053,6.38923,3.13253,0.309613,-17.39205559,-21.01259975,-18.31267404,,,,
LEV-1,0.962295648,1.080544162,1.095690793,0.941433501,0.890565775,1.163853625,6.54054,3.27345,0.327347,-17.11966976,-20.87160777,-17.32518911,,,,
LEV-2,0.863683306,1.134569315,1.029707232,0.945556617,0.761243314,1.08899585,6.39796,3.22246,0.306337,-17.60262256,-21.15996176,-18.35670303,,,,
LIO-0,1.298093345,1.38631742,0.63327678,1.493044152,0.93636084,0.424151408,5.56452,1.89781,0.239778,-22.62446884,-25.59651878,-21.68080454,,,,
LIO-1,1.611405674,1.178576049,1.398178229,1.138570861,1.36724794,1.228011604,5.70999,2.11408,0.295058,-21.43516317,-25.47679204,-18.84337098,,,,
LOS-0,0.900650948,1.269589392,0.761136195,1.174497451,0.709403335,0.648052658,5.86391,2.16031,0.262235,-19.03696328,-23.07813548,-20.29872736,,,,
LOS-1,1.416634654,1.146209242,0.813110064,1.091569389,1.235930231,0.744900024,5.99197,1.87282,0.289689,-20.86784288,-23.6929837,-18.94934776,,,,
LOV-0,1.209869912,0.882768558,0.576095507,1.195786807,1.370540332,0.481771085,4.26995,3.37722,0.262547,-23.62589037,-23.64697787,-22.56426679,,,,
LTA-0,1.480248451,1.977868193,1.517186985,1.815705408,0.748406014,0.835590938,10.23827,3.81365,0.370678,-17.99068248,-19.50965525,-20.67490033,,,,
LTA-1,1.549218858,1.843746169,1.608505725,1.707263717,0.840256042,0.942154226,10.67106,3.77334,0.428568,-16.2587326,-18.48503054,-17.63664835,,,,
LTA-2,1.512636446,1.821778518,1.507368284,1.744418236,0.830307543,0.864109451,10.64131,3.65721,0.424155,-16.45147349,-18.55667168,-17.9483081,,,,
LTF-0,0.616148852,0.955661292,0.675376486,0.864540077,0.644735596,0.78119743,7.75627,7.09551,0.262409,-19.82124529,-22.90397763,-20.41432062,,,,
LTF-1,0.726925929,0.841420746,0.785005495,0.743054754,0.863926796,1.056457132,7.60106,6.88958,0.266729,-20.59984592,-24.78039021,-19.45187227,,,,
LTJ-0,0.298276353,0.139069941,0.002487803,0.142359562,2.144793842,0.017475491,3.63265,2.67983,0.214229,-19.36218116,-11.15013069,-16.56495357,,,,
LTJ-1,0.083508518,0.02393993,0.016458221,0.022183154,3.488252336,0.741924277,3.52784,2.74597,0.240298,-15.87611742,-17.63115232,-11.1857549,,,,
LTL-0,1.177814522,0.802552069,1.064652698,0.710800957,1.467586425,1.497821138,9.61198,7.09968,0.271668,-17.8410592,-20.23248631,-14.6089313,,,,
LTL-1,1.482233813,0.668782796,1.087519685,0.675624978,2.216315703,1.609649911,9.54863,7.0475,0.285462,-20.14086346,-19.16049899,-14.14492693,,,,
LTL-2,2.271113077,0.43013282,1.5046905,0.462627403,5.280027408,3.252488914,9.34476,6.80032,0.272557,-24.95737625,-24.37059727,-14.29474884,,,,
LTN-0,0.785049318,1.30450179,0.822140992,1.232611208,0.601800108,0.666991332,9.57627,1.6801,0.259442,-20.66408244,-23.77344936,-22.29533982,,,,
LTN-1,0.893264429,1.197703947,1.051148925,0.992369153,0.745814049,1.05923176,10.03101,1.71546,0.307462,-18.78585045,-22.83605148,-19.40714453,,,,
Mar-00,0.780501829,1.170151741,0.670687897,1.164860865,0.667009074,0.575766529,5.65798,2.03312,0.236232,-21.95359212,-24.79580142,-22.43606867,,,,
MAZ-0,0.709500711,0.985291483,0.741879717,0.924237726,0.7200922,0.802693611,7.68968,7.10074,0.272534,-19.60190153,-22.52915131,-20.48683049,,,,
MAZ-1,0.751536209,0.948844152,0.82156455,0.857543792,0.792054424,0.958043843,7.74295,7.04249,0.286112,-19.42750469,-21.61194933,-19.12794999,,,,
MEI-0,1.532800962,1.502005706,1.422325292,1.419812504,1.020502756,1.001769803,7.66225,6.47433,0.355449,-17.18873493,-17.28375079,-15.12214327,,,,
MEI-1,1.679059391,1.470209685,1.568072462,1.359859112,1.142054367,1.153113914,7.84768,6.53397,0.371935,-17.71296944,-17.67628571,-14.69640976,,,,
MEL-0,0.94563688,1.215851042,0.910772959,1.11949706,0.777757182,0.813555472,6.87178,4.78426,0.24295,-17.79170777,-20.7795218,-18.12868081,,,,
MEL-1,2.060698657,0.52864232,1.395917728,0.736074843,3.898096274,1.896434502,6.30808,4.42951,0.229816,-28.81823546,-27.48468678,-19.18834846,,,,
MEL-2,1.106272117,1.178013893,0.979616633,1.121008234,0.93909938,0.873871041,6.63953,4.77634,0.231433,-19.70737912,-22.89394559,-18.94651973,,,,
MEP-0,0.792854205,1.902879572,1.054808185,1.663215613,0.416660211,0.634198102,4.96384,1.38424,0.230971,-22.93958538,-29.1400033,-24.96000661,,,,
MEP-1,0.258528864,2.443470825,2.001058,0.820654402,0.105803949,2.438368691,4.80041,1.3196,0.206009,-22.71115218,-45.42432049,-26.45866411,,,,
MER-0,1.229971709,0.878723349,0.901044233,0.877995211,1.399725762,1.026251876,6.24773,3.80047,0.284393,-24.0930422,-24.82800657,-19.17788874,,,,
MER-1,1.346777111,0.742301575,1.147232744,0.623415781,1.814326085,1.840236933,5.75786,3.13459,0.292835,-24.78011473,-25.68982496,-17.45112487,,,,
MER-2,2.19321536,0.105918011,1.77549194,0.023274397,20.70672722,76.28519548,5.65941,3.25057,0.247412,-28.6841922,-35.65670508,-18.63489633,,,,
MFI-0,0.950008594,1.09873936,0.825988275,1.037318645,0.86463508,0.796272465,5.94159,4.29903,0.217633,-19.12944148,-22.72461973,-19.0753003,,,,
MFI-1,1.190319996,1.168767702,1.031250832,1.098776923,1.018440186,0.938544313,6.18235,4.75402,0.2347,-20.96692271,-24.28381105,-19.5670282,,,,
MFI-2,1.10027365,1.197433784,0.948220034,1.132016981,0.918859702,0.837637642,6.22275,4.64909,0.232296,-19.96053433,-23.42274178,-19.20078419,,,,
MFS-0,0.849227999,0.90765237,0.753732179,0.785920482,0.935631335,0.959043816,6.22239,4.94279,0.244428,-18.96232085,-21.07534499,-17.65719737,,,,
MFS-1,0.893419014,0.816161307,0.725144111,0.764301731,1.094659851,0.948766804,6.10781,4.76957,0.229286,-20.21913976,-22.39798002,-18.48407506,,,,
MON-0,0.55227284,0.16540425,0.993095124,0.17472051,3.338927757,5.683906977,3.76288,3.13631,0.239783,-20.08005801,-29.75409738,-15.6937683,,,,
MON-1,0.165059684,0.036744942,0.391972055,0.036829458,4.492038223,10.64289497,3.66434,2.83956,0.226339,-17.98397512,-28.19108337,-12.3386961,,,,
MOR-0,1.196949804,1.186387475,0.702132653,1.398778268,1.008902934,0.501961368,6.19601,6.03797,0.258223,-24.35656559,-19.7255665,-20.55056929,,,,
MOR-1,1.480151976,0.877943201,1.036139756,1.093705965,1.68593136,0.947365918,6.25963,6.09985,0.252009,-29.77654842,-27.41933263,-20.60529915,,,,
MOZ-0,0.937681302,0.896086926,0.942367966,0.794609976,1.046417792,1.185950333,9.63325,7.13809,0.25985,-18.76503456,-23.32276878,-17.67158039,,,,
MOZ-1,1.568991982,0.687930117,1.27890814,0.681178472,2.280743265,1.877493482,9.29953,6.7474,0.259942,-27.95316166,-25.96424088,-17.04859952,,,,
MRE-0,0.4132094,0.687647916,0.422952574,0.622197884,0.60090257,0.679771798,5.74417,5.19127,0.18014,-18.36199113,-22.34091466,-19.66660043,,,,
MRE-1,0.455124986,0.672764437,0.396574924,0.665569745,0.676499768,0.595842776,5.48758,4.89488,0.173648,-19.38776187,-23.47595886,-20.49166807,,,,
MRT,1.382802584,0.725086322,0.897050071,0.630081707,1.90708684,1.423704356,5.40545,3.31723,0.247817,-21.75864317,-25.65631106,-19.94971539,,,,
MSE-0,0.972386854,1.18305637,1.102028776,1.012438135,0.821927745,1.08848999,6.50057,6.01025,0.285033,-15.71687495,-18.66517587,-15.87851937,,,,
MSE-1,0.940850324,1.173438267,1.044479903,1.019466892,0.801789366,1.024535384,6.48882,6.02589,0.275619,-15.67835879,-18.77219292,-15.955342,,,,
MSO-0,0.753943686,0.915798264,0.772745816,0.774377768,0.823263938,0.997892562,6.82974,1.64385,0.230846,-16.9946234,-20.49492142,-17.41404554,,,,
MTF-0,0.50525182,0.534011678,0.49055668,0.470307521,0.946143766,1.043055146,5.59384,3.63125,0.151644,-19.76370626,-24.05082583,-20.14630731,,,,
MTF-1,0.545706008,0.480785137,0.542459334,0.368368262,1.135030945,1.47260063,5.55214,3.23186,0.159342,-21.09203756,-25.60318201,-20.69131388,,,,
MTN-0,0.837443864,1.978502736,0.566870392,2.200835564,0.423271522,0.257570534,6.41946,2.20889,0.253782,-22.45538137,-23.18507535,-25.3140154,,,,
MTN-1,0.82677879,1.995880137,0.485768717,2.311640969,0.414242707,0.210140209,6.18776,2.07935,0.218426,-24.58293054,-24.94737799,-27.49516627,,,,
MTT-0,0.526008118,0.726504072,0.717939787,0.545336511,0.724026387,1.316507831,5.54495,4.55815,0.21613,-18.06495897,-23.08450037,-18.45659471,,,,
MTT-1,0.457543924,0.774399343,0.603572106,0.626306179,0.590837181,0.963701343,5.29179,4.39042,0.181728,-19.32029679,-24.56677556,-20.43185576,,,,
MTW-0,0.730359954,0.716418018,0.773113682,0.560580068,1.019460616,1.379131592,5.31344,5.09838,0.220446,-17.26123623,-22.30134093,-16.9297432,,,,
MTW-1,0.47956527,0.684256132,0.504718213,0.608440666,0.700856371,0.829527415,5.48871,5.11897,0.192797,-16.834307,-20.26636795,-17.97142801,,,,
MWF,1.930916804,1.206195706,1.441451175,1.033164794,1.600832099,1.395180308,10.06374,3.67434,0.296294,-22.6235315,-26.21769056,-18.67724741,,,,
MWW-0,1.325462071,1.358119105,1.253059257,1.262177029,0.975954219,0.992776154,9.28791,4.17164,0.302316,-18.44333415,-21.30271061,-17.5929333,,,,
MWW-1,1.536393379,1.210799025,1.359133618,1.146442966,1.268908668,1.185522227,9.05194,3.92303,0.285692,-20.97123532,-24.10113478,-18.69028909,,,,
NAB-0,0.304652757,0.081586081,0.184274281,0.077383687,3.734126645,2.381306569,3.77873,3.11112,0.298148,-19.12872654,-20.34128733,-14.02750825,,,,
NAT-0,1.212527036,1.101154812,1.194397104,0.981882643,1.101141295,1.216435704,3.94936,3.84735,0.283893,-18.38651298,-24.49755856,-17.98581488,,,,
NES-0,1.013339056,1.060074474,1.04660087,0.891440261,0.955913081,1.174056092,6.17238,4.66101,0.28113,-16.37961778,-19.49582763,-15.93663806,,,,
NES-1,0.882674056,1.021699789,1.041932631,0.816388654,0.863927022,1.276270346,5.68679,4.44825,0.243327,-17.19805206,-21.2175548,-17.03670054,,,,
NON-0,0.499981491,0.789427206,0.623011523,0.656404983,0.633347175,0.949126741,6.10031,1.84836,0.234618,-17.40624488,-21.49301084,-18.6581242,,,,
NON-1,0.510216394,0.792371277,0.631408745,0.647412011,0.643910764,0.975281172,5.73241,1.54787,0.195987,-20.28832404,-24.37228874,-20.57949739,,,,
NPO-0,0.068837894,0.025819989,0.109630935,0.022150407,2.666069833,4.949386894,3.34323,3.1114,0.207735,-13.65311823,-22.93933852,-10.96262756,,,,
NPT-0,1.178875694,1.553620403,1.410441418,1.396928281,0.758792618,1.009673465,9.89043,3.17958,0.413161,-15.56964552,-19.28837986,-16.32211822,,,,
NSI-0,0.238821416,0.040952922,0.221022498,0.042166485,5.831608659,5.241662866,3.45688,2.86832,0.197243,-20.24161903,-26.27688163,-13.6030928,,,,
OBW-0,1.430497723,1.859603729,1.52242433,1.711586805,0.769248685,0.889481226,8.8607,4.78303,0.458485,-14.46832957,-16.75062313,-15.41790763,,,,
OFF-0,0.850372215,1.289879645,0.975093062,1.132468375,0.659264776,0.861033371,6.49728,6.05037,0.294197,-19.01098279,-22.98834422,-19.15087055,,,,
OFF-1,1.405898799,1.078188095,1.370069808,0.953564847,1.303945764,1.436787244,6.7635,6.1516,0.3086,-18.93975929,-22.33932816,-18.22299786,,,,
OFF-2,1.083602254,1.133377584,1.07716074,1.085590185,0.956082306,0.992235151,6.76055,6.17755,0.312863,-19.08281151,-21.28721318,-18.00483181,,,,
OKO-0,0.895365813,1.113241434,0.989891803,0.951908993,0.80428718,1.039901724,6.30331,5.5041,0.24861,-16.56731822,-20.14183534,-16.86142721,,,,
OSI-0,0.515235342,0.623034375,0.543775735,0.547481435,0.826977391,0.993231368,6.26238,5.88168,0.233267,-14.8940972,-18.61457568,-15.86124042,,,,
OSO-0,1.484354658,1.527147188,1.488636801,1.298280837,0.971978779,1.146621561,5.674,5.46744,0.425608,-14.41609306,-17.40543416,-14.19217056,,,,
OSO-1,1.656882809,1.407605492,1.571361319,1.164760056,1.177093169,1.349085857,5.64674,5.39518,0.424821,-15.24298904,-18.09596896,-14.21887953,,,,
OWE-0,0.913695623,1.158616395,0.856790372,1.127982608,0.788609264,0.759577644,5.21524,3.38543,0.259321,-21.04728512,-24.93559129,-20.39029204,,,,
PAU-0,1.858003981,1.25234708,1.31502635,1.077475184,1.483617451,1.220470197,10.08159,3.66104,0.295266,-22.27491908,-24.90922118,-18.241701,,,,
PAU-1,1.814711993,1.025653584,1.340461632,0.84948392,1.769322528,1.577971755,10.17234,3.50266,0.302055,-22.50078772,-26.23748141,-17.68913961,,,,
PCR-0,0.702026321,1.012138955,0.523496236,1.019263145,0.693606661,0.513602634,5.60181,3.79966,0.202479,-20.6880719,-25.36352792,-21.50652783,,,,
PCR-1,0.708751385,1.011240533,0.471740681,1.03169619,0.700873196,0.457247671,5.10968,3.60998,0.198524,-20.79958223,-24.4473738,-21.50484504,,,,
PHI-0,1.839856267,1.021629014,1.243658962,0.76216066,1.800904478,1.631754336,5.00169,3.2511,0.280263,-22.14267011,-26.29746125,-19.2976236,,,,
PHI-1,2.407827406,0.919787274,0.984754048,0.987634092,2.617809003,0.997083896,5.0402,3.01347,0.285979,-30.16086262,-25.33216295,-18.83023955,,,,
PHI-2,1.409895369,0.823205027,1.405799595,0.429880717,1.712690427,3.270208551,5.03457,3.11734,0.278908,-21.06197665,-28.17674434,-18.87287434,,,,
PON-0,0.876989688,1.064025691,0.727279403,1.057871195,0.824218527,0.687493342,4.50165,3.89517,0.22148,-19.95669411,-24.28103735,-20.11655124,,,,
POR,0.995903654,1.101574618,0.979169493,0.959600796,0.904072804,1.020392539,5.39281,3.35532,0.239403,-21.53604498,-25.55822739,-20.45923594,,,,
POS,1.182040321,1.408928853,1.282974056,1.243225547,0.838963812,1.031972082,6.71368,6.13546,0.315892,-15.67323239,-17.99899337,-16.17027288,,,,
PSI,0.256896757,0.469044838,0.242952345,0.442629625,0.547701918,0.548884058,5.34631,4.42676,0.156816,-18.38187865,-22.90017922,-20.14268257,,,,
PUN-0,1.218832938,1.590240886,1.505170147,1.386015635,0.76644548,1.085969096,4.98735,3.95386,0.336969,-16.77906877,-20.80277115,-17.2487801,,,,
PWO,1.479399856,1.313620269,1.245938148,1.211916787,1.12620054,1.028072357,4.74576,3.91158,0.250184,-18.75456491,-23.35072921,-18.46111992,,,,
PWW,1.380271439,1.298622946,1.371177809,1.154867787,1.062873132,1.187302845,4.72419,4.4075,0.257364,-19.07453142,-24.25106902,-18.69163085,,,,
RHO-0,2.236153805,1.794208976,1.545922735,1.834663953,1.246317366,0.842619016,10.03077,3.66161,0.362221,-24.2247606,-21.4800959,-17.24677488,,,,
RHO-1,1.956713678,1.245904053,1.42274613,1.092475066,1.570517147,1.30231451,9.99801,3.29406,0.363916,-20.4529281,-20.18703157,-13.59092053,,,,
RRO-0,0.906602927,0.343856609,1.439178923,0.243253424,2.636572642,5.916376838,3.86868,3.52279,0.234209,-20.04799217,-27.57231515,-15.92301877,,,,
RRO-1,1.45020963,0.556167653,1.518187628,0.435814604,2.607504447,3.483562996,4.12012,3.60601,0.23132,-21.29960163,-26.69066452,-17.42538489,,,,
RSN-0,0.885848695,0.603730062,0.488811461,0.723445124,1.467292672,0.67567179,4.26275,3.37038,0.26671,-22.6371811,-23.33575913,-21.99822976,,,,
RTE-0,0.848927497,0.926291151,1.039818969,0.728746273,0.916480198,1.426860085,6.42419,3.57981,0.252554,-18.56094064,-22.47514548,-18.69518335,,,,
RTE-1,0.861294278,0.931395819,1.015574685,0.747627766,0.924734963,1.358396158,6.27916,3.42052,0.256705,-18.8012428,-22.69680333,-19.09764854,,,,
RTH-0,1.302233584,1.244699159,1.162841471,1.132028539,1.046223559,1.027219219,7.63706,3.73944,0.293776,-16.29000642,-19.40938007,-16.28708858,,,,
RTH-1,1.561144277,1.172168567,1.299870026,1.094049808,1.33184281,1.188126918,7.49467,3.48919,0.281476,-17.79605963,-21.19272145,-16.97401214,,,,
RUT-0,0.560932182,1.112200381,0.848680504,0.861159438,0.504344533,0.985509148,5.4174,1.88258,0.222236,-20.38294821,-25.80546457,-21.6213671,,,,
RUT-1,0.52978279,1.187885594,0.833814683,0.905017205,0.445988059,0.921324676,5.36269,1.73823,0.215983,-21.36239356,-26.12276388,-22.83385384,,,,
RWR-0,1.153675462,0.562795078,0.305499217,0.659162784,2.049903255,0.463465512,3.92311,2.82901,0.191255,-22.22560503,-25.87830024,-19.64572708,,,,
RWR-1,0.763852063,0.157801063,0.031417186,0.143244813,4.840601505,0.219325119,3.75578,2.65306,0.174624,-23.87523661,-22.28884578,-17.08025151,,,,
RWY-0,2.345842529,2.550397175,2.467718888,2.45058165,0.919794984,1.006993131,14.00449,5.89361,0.843649,-10.05567932,-11.15031761,-9.508444206,,,,
SAF-0,0.504612335,0.690323171,0.493530992,0.604900283,0.73097986,0.815888182,6.24034,5.73442,0.201524,-14.93549867,-17.82823685,-15.78546006,,,,
SAO-0,1.367197985,1.585130714,1.490938442,1.395065345,0.862514348,1.068723015,8.21885,6.29826,0.378044,-13.08558504,-15.24682248,-13.21024601,,,,
SAS-0,1.12603874,1.378849837,1.148316282,1.268944406,0.816650741,0.904938213,8.54766,3.81888,0.335815,-15.09499036,-17.91480962,-15.18959942,,,,
SAT-0,0.761428991,1.115943376,0.75379061,1.038249685,0.682318662,0.726020552,6.18035,2.84696,0.283231,-17.64313012,-19.53288689,-17.70749863,,,,
SAV-0,1.420798651,1.315103127,1.4812803,1.122909482,1.080370522,1.319144885,8.28251,3.70256,0.350225,-16.67192897,-21.3990758,-15.57674062,,,,
SBE-0,1.428885457,1.559355356,1.404460342,1.463852313,0.916330874,0.959427621,12.09716,6.83475,0.394266,-17.33958422,-18.6573024,-16.51836491,,,,
SBN-0,2.129226249,2.648807463,0.254236235,3.202118783,0.803843344,0.079396254,4.41366,3.40329,0.294253,-19.82200756,-21.6492099,-20.73446461,,,,
SBS-0,1.442938945,1.520914677,1.447758522,1.405526543,0.948731028,1.030047087,10.9769,6.86668,0.396682,-12.44034652,-14.1629628,-12.41414697,,,,
SBT-0,1.396746996,1.523234893,1.442134237,1.408905737,0.916961003,1.023584615,10.39671,6.94394,0.401416,-12.26015703,-14.14681013,-12.40845528,,,,
SEW-0,1.269955971,1.233563802,1.047530433,1.189610771,1.029501651,0.880565693,6.24454,4.77522,0.262312,-19.93810344,-21.13416263,-17.38976657,,,,
SEW-1,1.859774717,0.959784078,1.337448964,1.019585921,1.937701156,1.311756995,6.23657,4.88507,0.271349,-27.9528884,-24.31817228,-17.84935072,,,,
SFE-0,0.879255555,0.853480696,0.990280298,0.696859021,1.030199698,1.421062608,6.23954,5.81325,0.26056,-15.64308907,-18.86798698,-14.95163954,,,,
SFE-1,0.728080327,0.866817226,0.782434723,0.7165402,0.839946767,1.091962075,5.73778,5.34449,0.214478,-16.27125722,-19.76433201,-16.56064523,,,,
SFF-0,1.025971835,0.973671621,0.951814491,0.848418957,1.053714428,1.121868487,7.09171,4.9381,0.237462,-16.80391753,-19.65804859,-16.74374589,,,,
SFF-1,1.393906681,1.183973352,1.188723583,1.046866782,1.177312545,1.135506067,7.2874,5.06589,0.257635,-17.52399852,-20.0718665,-16.6706042,,,,
SFG-0,0.721162939,0.934907393,0.74791192,0.806602744,0.771373661,0.927237014,6.36031,4.9824,0.233527,-16.81469935,-20.31289912,-17.12896894,,,,
SFG-1,0.800357817,0.905706921,0.808476972,0.786081197,0.883683008,1.028490409,6.18252,4.89752,0.222372,-18.01452377,-21.96947467,-18.11610596,,,,
SFH-0,0.825734004,0.851032451,0.942383376,0.719252554,0.97027323,1.310225972,7.66237,6.36742,0.26206,-14.06778756,-16.98120788,-13.44545769,,,,
SFH-1,0.691843375,0.848501306,0.794931185,0.732727433,0.81537102,1.08489344,7.30131,6.3094,0.241725,-14.06052194,-16.92888471,-14.52713533,,,,
SFN-0,0.832811675,0.871069236,0.96306595,0.712040524,0.95607977,1.352543735,7.47088,6.29921,0.27404,-13.91982021,-16.87186683,-13.51204655,,,,
SFN-1,0.715603198,0.852071202,0.777483333,0.755881918,0.83983967,1.028577763,7.22953,6.03175,0.240118,-13.88941091,-16.80524303,-14.36173655,,,,
SFO-0,1.461229934,1.281418096,1.276269123,1.173140572,1.140322537,1.087908093,7.48533,6.54891,0.330006,-16.56833269,-17.36133505,-14.67188998,,,,
SFS-0,1.140180872,1.288397319,1.075909936,1.182208114,0.884960606,0.910085055,7.0496,5.47792,0.269895,-18.0327792,-20.95777054,-16.99712285,,,,
SFS-1,1.319761721,1.213955572,1.135181325,1.155727683,1.087158172,0.982222146,7.00633,5.17236,0.259611,-21.47501937,-21.76451946,-18.10937649,,,,
SFW-0,1.191549825,1.37383335,1.364689894,1.16205105,0.867317586,1.174380328,7.13905,3.25315,0.334124,-16.34399987,-21.4138274,-16.41801362,,,,
SFW-1,1.308425108,1.226829182,1.382993928,1.084554269,1.066509606,1.275172638,7.0999,3.38284,0.335102,-16.61105887,-21.00466427,-16.07890988,,,,
SGT-0,0.764839166,1.057463785,0.730888308,0.947931091,0.723276936,0.771035273,7.19924,1.67401,0.244018,-17.08872677,-20.52651526,-18.63112742,,,,
SGT-1,0.788087559,1.019664199,0.721549654,0.918383731,0.77288931,0.785673385,7.2746,1.59721,0.237531,-17.4956149,-21.01637574,-19.0114472,,,,
SIV-0,1.715778159,1.210381342,2.105028366,0.731145467,1.417551725,2.879082836,4.98328,3.29366,0.290791,-21.63120324,-28.43936879,-19.40709132,,,,
SOD-0,0.808206693,1.740955249,0.992269468,1.582593996,0.464231745,0.626989278,5.82045,2.13224,0.264677,-20.50733513,-24.63980817,-22.39567969,,,,
SOD-1,0.805601867,1.667383015,0.590536902,1.831526027,0.483153457,0.322428889,5.42903,1.16744,0.226332,-21.9378381,-24.73623283,-23.34506281,,,,
SOD-2,0.895084773,1.492161911,0.591030996,1.733188448,0.599857674,0.341007925,5.19476,1.01386,0.216075,-22.55303211,-25.42531057,-23.29706727,,,,
SOF-0,1.668715623,1.314087201,1.332209736,1.303024133,1.269866734,1.022398359,4.73798,3.81854,0.283681,-21.47989365,-23.38177698,-18.37391454,,,,
SOR,0.710415217,0.911350846,0.892289245,0.762052306,0.779518909,1.170902886,6.42351,5.95946,0.255572,-15.35352908,-19.38329862,-15.68100271,,,,
SOS-0,0.537770044,0.508378714,0.692903798,0.424244152,1.05781385,1.633266588,4.38679,3.82561,0.271368,-16.413628,-20.61206033,-16.51413972,,,,
SOV,1.160928665,1.430411078,1.288740646,1.248688746,0.811604918,1.032075167,6.54197,5.89888,0.32107,-15.251508,-17.66093324,-15.64062605,,,,
SSF-0,0.776731438,1.032624919,0.828705306,0.910970725,0.752191259,0.909694772,7.25883,5.76247,0.274667,-13.73954258,-16.31728516,-14.28149299,,,,
SSF-1,0.776787942,1.020389126,0.800447918,0.875701642,0.761266386,0.914064654,6.92795,5.42115,0.245557,-14.89508017,-17.69354075,-15.47987872,,,,
SSY-0,0.869726474,0.803682251,0.971143984,0.67551683,1.082177034,1.437631071,6.93735,5.53509,0.256363,-15.48760589,-18.81896151,-14.83044783,,,,
SSY-1,0.765545014,0.805429121,0.772585328,0.666168271,0.950480923,1.159745011,6.44354,5.1556,0.215891,-16.71481183,-19.78695493,-16.41891979,,,,
STF-0,1.304259078,1.197829637,1.193655848,1.023406017,1.088851901,1.166356098,7.21986,5.03574,0.263705,-16.95581717,-19.62076857,-16.47261856,,,,
STF-1,1.207777961,1.16525126,1.099580186,1.039803559,1.036495735,1.057488384,7.11052,5.06355,0.25112,-16.9920649,-19.80262324,-16.64415196,,,,
STI-0,0.945530934,1.203819435,1.151416646,1.005388465,0.785442489,1.145245531,5.81973,4.54185,0.279158,-17.5885003,-22.10443668,-17.9998159,,,,
STI-1,0.931673204,1.135686563,1.179336291,0.914960714,0.820361211,1.288947464,5.66594,4.15335,0.277189,-17.65451964,-22.14941876,-17.57899011,,,,
STI-2,1.033639432,1.115657001,1.219322216,0.916336085,0.92648496,1.330649569,5.75405,4.54327,0.277164,-17.80336545,-22.09408285,-17.5424479,,,,
STI-3,0.998130204,1.133432804,1.211520742,0.901079869,0.880625831,1.344520929,5.73882,4.87091,0.282825,-17.64445824,-22.27323285,-17.53079861,,,,
STO-0,0.519292109,0.755442724,0.496745849,0.699145803,0.687401033,0.710503943,6.3995,5.60609,0.205682,-15.00366624,-18.13377199,-16.37662596,,,,
STO-1,0.525106064,0.769890311,0.506835756,0.666895995,0.682053088,0.759992201,6.39669,5.60749,0.20568,-15.02040784,-18.12009765,-16.38887515,,,,
STT-0,1.127463232,1.112701109,1.128619006,0.961757036,1.013266925,1.173497009,6.56577,3.67399,0.254787,-17.58821959,-20.99223016,-17.46082974,,,,
STT-1,1.387587488,0.997802735,1.457271986,0.805594644,1.390643099,1.808939517,6.71141,3.51299,0.255678,-19.53016744,-22.61400909,-17.68664766,,,,
STW-0,2.194207495,1.332012484,1.648959594,1.335908213,1.647287485,1.234335996,4.90868,4.47824,0.275792,-21.3147092,-24.2497267,-18.38431539,,,,
SVV-0,0.578702603,1.071511391,0.811567931,0.848090387,0.540080682,0.956935657,5.99306,1.48909,0.22596,-20.07299426,-24.88089007,-21.32095998,,,,
SWY,0.908977657,1.233996692,0.962194625,1.105094512,0.736612718,0.870689896,6.50646,3.03092,0.296121,-18.29198413,-21.65194001,-18.3384199,,,,
SZR-0,0.693510579,0.783967225,0.602961472,0.704715807,0.884616802,0.855609404,5.47228,4.21874,0.221506,-18.36978206,-22.37534954,-18.71725511,,,,
SZR-1,0.668990836,0.781002664,0.603088607,0.728241585,0.856579454,0.828143599,5.47228,4.21874,0.221506,-18.34194621,-22.31724383,-18.72026311,,,,
TER-0,1.142714824,1.330251855,1.093274284,1.180952448,0.85902141,0.925756397,6.18221,4.69054,0.249589,-18.83725512,-21.74462227,-18.17284173,,,,
TER-1,1.326482876,1.166427838,1.231433186,1.055220427,1.137218123,1.16699142,6.26216,4.59505,0.247778,-20.47881912,-23.3487695,-18.18039941,,,,
THO-0,1.007868879,1.510980037,0.725130704,1.707994923,0.66702991,0.424550855,4.47856,3.28935,0.30994,-18.71332109,-21.88859412,-19.84544406,,,,
THO-1,0.382743007,0.179863078,0.02974808,0.229111374,2.127968744,0.129841129,4.3198,2.24586,0.216988,-22.40554704,-23.00550861,-19.83642972,,,,
TOL-0,1.096490417,1.082158821,0.508787087,1.21953154,1.013243524,0.417198794,5.54474,1.94738,0.235886,-22.20298798,-24.95001603,-21.60087636,,,,
TOL-1,1.730003488,1.216916922,1.201614475,1.326997966,1.421628261,0.905513426,5.49561,1.99001,0.280212,-22.84561128,-24.58793541,-19.29870686,,,,
TON-0,0.771999186,0.844576009,0.695533184,0.720913979,0.914067151,0.964793587,5.04731,4.64972,0.21875,-18.39431579,-23.07074921,-18.77566616,,,,
TON-1,0.607255172,0.833983341,0.574816451,0.727598204,0.728138252,0.790019062,4.77216,4.48228,0.179001,-19.15442041,-24.40075805,-20.56681413,,,,
TSC-0,1.428311181,1.633802004,1.275280936,1.565495766,0.874225382,0.81461794,15.86552,3.68135,0.433157,-17.78476962,-16.48195949,-20.38971524,,,,
TSC-1,1.344107273,1.496366039,1.349316924,1.392407065,0.898247647,0.969053489,16.51196,3.86437,0.481573,-15.85561368,-19.49640723,-15.96097461,,,,
TUN-0,0.963263154,1.201574344,0.945837695,1.070843312,0.801667544,0.883264325,8.04241,4.9923,0.23896,-17.98971623,-21.7622823,-18.22045509,,,,
TUN-1,1.12443077,1.150548371,1.068693573,1.009671089,0.977299867,1.05845714,8.02978,5.11865,0.248594,-19.14054557,-22.61158783,-18.3219469,,,,
UEI-0,1.512561321,0.814716589,0.458744003,1.30429664,1.856549063,0.351717538,5.11766,3.36371,0.241664,-28.05037249,-26.66402716,-20.8922647,,,,
UFI-0,1.370106407,1.67410962,1.451235957,1.500234992,0.818409016,0.967339093,9.69004,3.49453,0.334269,-22.07172534,-25.80909191,-21.24052362,,,,
UFI-1,2.305110167,0.999952475,2.012150374,1.055608767,2.305219723,1.906151631,9.45921,3.32036,0.330786,-39.92944233,-33.00060347,-21.20106427,,,,
UOS-0,0.855995055,1.128652234,0.638732675,1.150674061,0.758422328,0.555094354,5.31802,3.75117,0.243681,-18.31629476,-22.35090423,-19.27110307,,,,
UOV,1.06782162,1.269588224,1.079812249,1.138703133,0.84107713,0.948282496,6.57756,5.78407,0.288425,-16.05092387,-18.58953283,-16.00356503,,,,
UOZ-0,0.756100649,0.93400546,0.56990027,1.037531019,0.80952487,0.549285043,4.93875,0.83627,0.189791,-23.07772083,-27.97892967,-22.539551,,,,
USI-0,1.255333434,1.336503436,1.404372792,1.139760666,0.939266896,1.232164641,6.3201,5.84374,0.300795,-15.76998191,-20.46809943,-15.41578008,,,,
UTL-0,1.207752108,1.342396119,1.251316268,1.207474722,0.899698748,1.036308459,8.69896,7.12008,0.31768,-15.01708668,-17.34753529,-14.47379428,,,,
UWY-0,1.212659565,1.398320004,1.092822761,1.323539891,0.867226072,0.825681771,8.37969,5.63563,0.285978,-18.06278297,-20.12984036,-17.80952889,,,,
VET-0,0.332558307,0.511035181,0.400682794,0.448857264,0.650754232,0.892673075,5.98719,5.57612,0.163998,-15.44669118,-18.97572492,-16.98974284,,,,
VET-1,0.364709671,0.549394184,0.461301549,0.446547529,0.663839701,1.033040202,6.03023,5.59462,0.171317,-16.01881057,-19.8479092,-17.23602498,,,,
VFI-0,0.891483093,1.055712787,1.005488632,0.960841085,0.844437146,1.046467149,11.40675,10.99327,0.366513,-10.62285409,-12.32242875,-10.37165699,,,,
VNI-0,0.527797256,0.507486456,0.127603604,0.544705458,1.040022349,0.234261659,4.40384,2.60943,0.237575,-19.77326704,-21.51570376,-19.89049823,,,,
VSV-0,0.488302921,0.267342064,0.451612878,0.270514663,1.826509878,1.669458034,3.74729,3.37111,0.265939,-17.46517901,-22.73635599,-15.76632517,,,,
WEI-0,0.850785211,0.166721158,0.849219523,0.14858013,5.10304285,5.715565881,3.79248,3.03437,0.281047,-20.68014232,-24.73427546,-13.44970418,,,,
YFI,1.448670139,1.353369645,0.976846243,1.403030939,1.070417195,0.696239987,7.36253,5.55241,0.276623,-23.94111676,-22.27417407,-18.41625431,,,,
YUG-0,0.760221849,0.481449182,0.666835317,0.529862239,1.579028231,1.258506963,4.01634,2.69941,0.225465,-20.72511545,-25.21921055,-18.87846269,,,,
ZON-0,0.689229015,1.152532546,0.740604321,1.111221141,0.598012626,0.66647789,5.21292,3.11896,0.224252,-21.12648688,-25.65393328,-21.76695815,,,,
