NAME,H2S_Heat,CO2_Heat,CH4_Heat,LCD,PLD,LFPD,Density,AVSA,AGSA,VF,PV,H2S_CH4
ACO_0,-17.22330465,-19.95233977,-17.92203992,3.91932,3.15925,3.91898,1.64272,0,0,0.458,0.278805,0.915633256
AEI_0,-14.34665459,-17.40810783,-16.09905535,6.90319,3.44131,6.90319,1.50157,1307.46,870.728,0.5006,0.333385,0.681900094
AEI_1,-17.9453626,-22.29452534,-19.96663865,7.07458,3.42592,7.07458,1.49921,1387.85,925.72,0.5356,0.357255,0.765349778
AEL_0,-17.50712665,-21.86690773,-19.6714208,5.22554,4.07159,5.22554,1.91427,624.624,326.299,0.3574,0.186703,0.534513159
AEL_1,-22.50829085,-28.20933105,-25.15521866,5.016,3.90771,5.016,1.93447,677.95,350.457,0.442,0.228486,0.473517081
AEL_2,-22.60218258,-28.38750264,-25.32505527,5.23651,4.10294,5.23651,1.90289,647.893,340.478,0.448,0.235431,0.4506292
AET_0,-11.76355161,-13.96163363,-13.1413847,7.76765,7.17001,7.76765,1.81715,763.156,419.974,0.406,0.223427,0.712257514
AET_1,-11.61546713,-13.86731794,-12.93805874,7.54739,6.82582,7.54125,1.74998,802.247,458.433,0.4252,0.242975,0.715164265
AFI_0,-12.79019209,-15.40756925,-14.32604972,7.56946,7.01861,7.56946,1.68556,891.053,528.638,0.4524,0.268397,0.689879836
AFI_1,-16.75891466,-20.71745259,-18.6890223,7.71001,6.92943,7.71001,1.75399,886.797,505.589,0.483,0.275372,0.777778639
AFN_0,-16.89497318,-21.20471077,-18.89770326,4.75303,3.08413,4.75303,1.73559,0,0,0.429,0.247178,0.598011853
AFO_0,-17.11885304,-21.09993292,-19.32864684,5.02827,4.33443,5.02827,1.91635,664.775,346.897,0.3654,0.190675,0.507010043
AFO_1,-22.35945113,-27.99181493,-25.06707094,5.08958,4.05259,5.05529,1.93104,591.52,306.322,0.4076,0.211078,0.461797188
AFR_0,-13.33510106,-15.40118833,-14.70144567,7.81561,6.57251,7.81561,1.51326,1234.45,815.752,0.5022,0.331866,0.702049413
AFR_1,-18.5395272,-20.49136899,-19.20554892,7.78626,6.29102,7.63478,1.51376,1343.83,887.749,0.525,0.34682,0.717498062
AFS_0,-12.8158862,-14.99242884,-14.32876371,9.11169,5.61223,9.11169,1.7103,1406.5,822.37,0.5274,0.308368,0.665297523
AFS_1,-15.83099088,-18.82447128,-17.49200945,9.36274,5.53478,9.36274,1.39201,1519.81,1091.81,0.5726,0.411349,0.666215974
AFT_0,-14.54719289,-17.41252874,-16.30461707,7.13987,3.28045,6.80663,1.63607,0,0,0.4982,0.304511,0.63715286
AFT_1,-18.4264233,-22.37215181,-20.46895403,7.0829,3.3145,7.08271,1.50804,1240.89,822.849,0.536,0.355428,0.748695696
AFV,-15.92359661,-19.54860535,-18.0424526,6.4479,3.06438,6.43556,1.57008,0,0,0.4896,0.31183,0.535760411
AFX_0,-14.70299114,-17.45616512,-16.46110123,7.11659,3.33392,6.7371,1.60162,1151.19,718.762,0.5134,0.32055,0.638333013
AFX_1,-18.65515979,-22.37653469,-20.67596097,7.23746,3.10458,7.23746,1.48543,0,0,0.5428,0.365415,0.654981147
AFY_0,-13.42209656,-15.88635247,-14.56901458,7.42157,5.50247,7.42157,1.83258,1692.48,923.552,0.5454,0.297614,0.708941796
AHT_1,-22.36861458,-27.64893822,-24.92728034,3.91619,2.98644,3.72504,1.86452,0,0,0.4168,0.223542,0.469380257
APC_1,-22.04042962,-30.47656221,-22.07154521,3.68475,2.95815,3.63231,1.76315,0,0,0.4508,0.255678,1.189370571
APC_2,-20.13114031,-27.08205288,-19.11330923,3.70781,3.08218,3.70781,1.82142,0,0,0.45,0.247059,1.744234433
APD_0,-20.63832593,-21.99929418,-22.73031415,4.21666,3.22754,4.21268,1.79457,0,0,0.4016,0.223786,0.558028631
ASV_0,-18.3813048,-22.44731547,-20.86047313,4.94907,4.0279,4.94907,1.90542,637.193,334.411,0.3664,0.192293,0.490895213
ATN_0,-18.66267833,-22.12311248,-21.2115613,5.51283,3.70725,5.51283,1.77769,613.767,345.262,0.4024,0.226362,0.420761738
ATN_1,-28.57163367,-35.06159291,-32.24647488,5.51228,3.69006,5.51228,2.59578,631.208,243.167,0.3508,0.135143,0.243942227
ATO_0,-16.59401631,-20.30522166,-18.86469137,5.33713,5.08989,5.33713,2.6219,609.485,232.459,0.3768,0.143713,0.510911089
ATO_1,-21.73304314,-27.19618784,-24.55730128,5.3751,5.12587,5.3751,1.92269,630.856,328.111,0.4192,0.218028,0.445113142
ATS_0,-13.00928414,-15.57496727,-14.56403496,6.58439,6.37122,6.58439,1.6031,1035.35,645.838,0.4596,0.286694,0.622254697
ATS_1,-13.19450397,-15.85707457,-14.80594462,6.53185,6.21082,6.53185,1.63532,1010.35,617.828,0.4468,0.273219,0.614681593
ATT_0,-18.49007253,-22.08194342,-20.94965907,4.90334,3.39122,4.90334,1.7041,729.347,427.996,0.4382,0.257145,0.492785128
ATT_1,-22.59350487,-28.35485834,-25.34869905,4.99847,3.47947,4.67938,1.68897,850.235,503.404,0.4784,0.283249,0.582410588
ATV_0,-20.51280022,-20.92243127,-22.31058397,3.9155,3.04175,3.9155,1.88693,0,0,0.3684,0.195237,0.615434309
AVE,-16.72738822,-20.29339083,-18.93797992,6.13015,2.85759,6.11325,1.64993,0,0,0.462,0.280013,0.496675616
AVL,-16.69444744,-20.10330896,-18.96805487,6.57868,3.15024,6.55369,1.57937,0,0,0.4832,0.305945,0.514177057
AWO_0,-19.97562992,-21.08438428,-22.27365669,4.49867,3.26529,4.49867,1.81898,0,0,0.4064,0.223421,0.538210992
AWO_1,-26.42845912,-32.23612442,-29.23509188,4.58177,2.88833,4.58177,1.93364,0,0,0.4232,0.218862,0.394592101
AWW_0,-16.51565839,-20.30337134,-18.65125469,6.89355,3.76609,6.89355,1.68896,905.397,536.069,0.4382,0.25945,0.622825506
BEA_0,-13.28713204,-16.22252036,-15.01614324,6.11948,5.63572,6.11785,1.52818,1474.88,965.121,0.4912,0.321428,0.609929691
BEA_1,-13.17120629,-16.04496527,-14.88612585,6.12348,5.71304,6.10762,1.50841,1479.81,981.038,0.4922,0.326303,0.605765897
BEA_B_1,-13.2378263,-16.17147552,-14.95581581,6.09102,5.77541,6.07339,1.53082,1450.45,947.498,0.5056,0.33028,0.609623034
BEC_0,-13.24634616,-16.29850109,-15.03078152,6.23638,5.90749,6.23638,1.5087,1472.43,975.962,0.5056,0.335124,0.616253557
BEC_2,-12.68056226,-15.49106138,-14.32165231,6.36482,5.90302,6.36482,1.45499,1455.24,1000.17,0.5066,0.348181,0.621537774
BOF_0,-18.09553651,-21.99180762,-20.45809245,5.16497,4.18317,5.15523,1.82297,846.362,464.275,0.4046,0.221945,0.492343515
BOG_0,-14.02723452,-16.66802443,-15.79566605,7.49162,6.47542,7.47411,1.60199,1275.73,796.344,0.475,0.296507,0.620997076
BOG_1,-13.99124172,-16.48125132,-15.81494912,7.83993,6.63915,7.83993,1.55407,1276.9,821.644,0.4854,0.31234,0.636163374
BOZ_0,-12.89040667,-14.73373157,-14.44897064,8.30506,4.5183,8.30506,1.29062,1562.12,1210.36,0.5696,0.441339,0.660112736
BPH_0,-12.92505605,-15.25212416,-14.54908485,9.10839,5.61418,9.10839,1.70931,1400.67,819.439,0.5328,0.311706,0.63906036
BRE_1,-18.09932136,-21.68547708,-20.49362042,5.01986,2.72135,5.01986,1.72894,0,0,0.4188,0.24223,0.454123945
BSV_0,-18.95506185,-22.89336936,-21.38860108,4.76811,3.43565,4.76769,1.86535,661.638,354.699,0.3968,0.212721,0.524591195
CAN_0,-15.81872321,-19.15182425,-17.62466714,5.76422,5.43027,5.76422,1.91007,656.829,343.877,0.4406,0.230673,0.651425426
CAN_1,-15.56052667,-18.90638033,-17.47902076,5.55816,5.36224,5.55806,1.67747,578.151,344.657,0.4254,0.253597,0.638687012
CDO_0,-18.57485448,-22.47956396,-21.07359925,4.98695,3.04005,4.98695,1.80129,0,0,0.397,0.220398,0.415471121
CDO_1,-19.99215028,-24.0327649,-22.67348219,4.84207,2.87427,4.84207,1.9114,0,0,0.3798,0.198702,0.418820086
CFI_0,-12.48806698,-14.92939558,-13.94026702,7.07089,6.86062,7.07089,1.67303,858.442,513.106,0.4558,0.27244,0.688576705
CFI_1,-13.36803104,-16.19165903,-14.99242846,6.77229,6.53052,6.77229,1.82103,802.873,440.89,0.4232,0.232396,0.700112561
CGF_0,-19.79169772,-23.77743494,-22.4302133,5.35689,2.62714,5.0383,1.89557,0,0,0.3732,0.19688,0.433528168
CGS_0,-16.71075639,-20.47324662,-18.92144724,5.31725,3.60812,5.30302,1.68549,914.17,542.377,0.4466,0.264968,0.492542424
CHA_0,-14.4926281,-17.61760999,-16.30245542,6.74111,3.31915,6.73911,1.90179,1343.92,706.662,0.5088,0.267538,0.633300873
CLO_0,-13.61676273,-16.98032813,-15.71030363,15.32075,5.91098,15.32075,1.12876,1888.24,1672.85,0.6194,0.548746,0.673708191
CON_0,-13.8072348,-16.7016311,-15.5388635,6.76517,5.19932,6.66264,1.56665,1375.98,878.292,0.4804,0.306642,0.624659919
CON_1,-12.72691066,-15.34984176,-14.33851617,6.674,5.21396,6.66274,1.512,1364.79,902.639,0.4772,0.315608,0.629319495
CON_2,-14.32384733,-17.32290734,-16.15840173,6.69693,5.47825,6.69366,1.62113,1360.51,839.233,0.479,0.295472,0.597140537
CSV,-13.82057585,-16.58385494,-15.48490789,7.1282,4.90957,7.1282,1.62019,1247.36,769.884,0.4582,0.282807,0.656288984
CZP_0,-19.25851984,-23.84644033,-19.77526943,3.75947,3.2385,3.74521,2.12581,0,0,0.322,0.151472,1.285463186
DAC_0,-18.96827477,-20.99608276,-21.42921966,4.79198,3.42236,4.78242,1.74128,643.089,369.319,0.4224,0.24258,0.518090654
DDR_0,-21.80530169,-19.56237334,-23.66607598,7.07203,3.24572,7.07203,2.19256,0,0,0.419,0.191101,0.566223556
DDR_1,-22.46974432,-19.84351408,-24.96781415,7.10324,3.31393,7.10324,1.75997,707.873,402.209,0.4368,0.248187,0.520042996
DFO_0,-13.43988905,-16.24889807,-15.26601649,10.8902,6.78508,10.8902,1.59351,1392.34,873.756,0.5138,0.322433,0.649077544
DFO_1,-12.69981569,-15.3654932,-14.39639199,11.41714,6.9712,11.41714,1.40326,1411.01,1005.52,0.5314,0.37869,0.64088815
DFT_0,-20.3801448,-20.62326251,-22.50393551,4.1931,3.24838,4.1931,1.76723,0,0,0.4248,0.240376,0.556097154
DON_0,-11.71975377,-13.93078957,-13.10015677,8.17675,7.67107,8.17675,1.70828,874.704,512.039,0.442,0.25874,0.699890736
DON_1,-11.70460307,-13.92895921,-13.08251767,8.25079,7.5977,8.25079,1.71757,880.234,512.487,0.4318,0.251401,0.704958239
EAB_0,-16.75195173,-20.21628329,-19.03598607,6.62727,3.14057,6.37369,1.59164,0,0,0.4756,0.298811,0.503120067
EAB_1,-14.80843186,-17.92809737,-16.79263338,6.50125,2.61534,6.49845,1.46081,0,0,0.5032,0.344466,0.496627216
EAB_2,-16.58823034,-20.0778614,-18.94179388,6.60388,3.33443,6.59029,1.54616,1010.96,653.855,0.466,0.301392,0.514885099
EDI_0,-18.62658096,-21.74482931,-21.07329595,4.88186,3.03748,4.88186,1.62239,0,0,0.4726,0.291299,0.433071259
EDI_2,-14.92984821,-17.88678196,-16.7779598,5.34907,3.32475,5.34384,1.44986,969.327,668.565,0.52,0.358655,0.477682656
EMT_0,-18.16401397,-16.79401126,-21.90524744,11.00067,6.96665,10.97548,1.41741,1375.1,970.149,0.564,0.397909,0.631312588
EMT_1,-17.17398415,-15.53762456,-20.70047566,11.17235,6.96748,11.16458,1.29172,1350.74,1045.69,0.5654,0.437712,0.634612913
EMT_2,-17.30690421,-16.22387527,-20.75906287,11.09877,7.11366,11.09877,1.29074,1356.31,1050.8,0.564,0.436959,0.619508382
EON_0,-17.88487253,-20.62571641,-20.45410086,7.26853,6.38739,7.26837,1.68012,586.074,348.828,0.4524,0.269266,0.533970655
EON_1,-17.54391679,-20.6369911,-20.02062397,7.03308,6.3556,6.65515,1.68899,574.433,340.104,0.4424,0.261931,0.5609735
EPI_0,-18.54289056,-22.09963706,-20.99999999,4.92572,3.22497,4.92572,1.76437,0,0,0.4126,0.233851,0.490311503
EPI_1,-18.78694438,-21.17613911,-21.29022979,5.02268,3.22668,5.0196,1.76064,0,0,0.4098,0.232756,0.463348474
ERI_0,-15.29275636,-18.6000395,-17.29258365,6.30639,3.02119,6.30639,1.67503,0,0,0.4782,0.285488,0.543008025
ERI_1,-14.83550153,-18.06007842,-16.76808491,6.45751,3.2391,6.45327,1.56495,0,0,0.4818,0.307869,0.565391677
ERI_2,-20.10753393,-24.95458324,-22.60252055,6.55675,2.92497,6.55675,1.69738,0,0,0.4958,0.292098,0.518974052
ESV_0,-18.29641036,-22.24067392,-20.75136219,5.67049,3.26077,5.65038,1.77093,0,0,0.4172,0.235583,0.525009115
ESV_1,-17.77234793,-21.54432395,-20.12591589,5.96979,3.18264,5.95992,1.72233,0,0,0.4398,0.255352,0.561942206
ETL,-17.41011636,-21.47613035,-19.76281812,5.77103,2.9903,5.71194,1.80069,0,0,0.3866,0.214696,0.503731415
ETR_0,-15.88371295,-19.89737141,-18.3936841,9.61116,8.92233,9.61116,1.59276,779.68,489.516,0.502,0.315176,0.633062014
ETR_1,-14.61769814,-18.20178705,-16.8952437,9.65447,9.30299,9.65447,1.46585,750.397,511.918,0.5048,0.344372,0.61323145
EUO_0,-15.25651873,-18.57973897,-17.23373064,6.26105,4.54296,5.92812,1.70843,936.73,548.299,0.4336,0.2538,0.601497403
EUO_1,-16.73873584,-20.4194934,-19.02080219,6.04467,3.96085,5.62027,1.81124,865.842,478.04,0.4148,0.229015,0.552961992
EWS,-16.09798558,-19.72153799,-18.26263523,5.69128,3.44896,5.68852,1.72649,1124.7,651.434,0.4298,0.248944,0.56494912
EZT_0,-15.33186643,-18.46398809,-17.37275937,5.90376,5.61065,5.90376,1.71603,1022,595.556,0.433,0.252326,0.554094238
EZT_1,-19.20501977,-23.59252614,-21.57770151,6.19861,5.47776,6.19861,1.69737,1075.53,633.647,0.483,0.284558,0.515084429
FAU_0,-18.15922728,-16.65995482,-21.80246552,10.6957,6.95049,10.6957,1.32764,1369.68,1031.67,0.5762,0.434004,0.641183027
FAU_1,-16.58586342,-16.1707272,-20.0582344,10.90711,7.03981,10.90711,1.26506,1365.49,1079.39,0.5826,0.460533,0.641183027
FAU_2,-18.36392426,-17.94770525,-22.15225226,10.5396,6.70215,10.5396,1.35366,1362.06,1006.2,0.5728,0.423149,0.641183027
FAU_3,-14.50382898,-15.69701953,-17.51679997,11.10678,7.03729,11.10678,1.21066,1376.64,1137.1,0.595,0.491467,0.641183027
FAU_4,-18.30599789,-17.49501194,-22.08302256,10.60884,6.82418,10.60884,1.34204,1360.69,1013.9,0.5762,0.429346,0.641183027
FAU_5,-14.30880718,-15.26712552,-17.23450329,11.09581,7.05871,11.08364,1.20042,1377.69,1147.68,0.5992,0.499161,0.64285613
FAU_6,-13.17982825,-12.9626216,-15.78678806,11.5185,7.69602,11.5185,1.11871,1367.9,1222.74,0.6058,0.541514,0.657958667
FER_0,-18.06890345,-22.20376963,-20.53517726,5.42308,4.28927,5.14576,1.75101,456.914,260.943,0.4232,0.241689,0.498619201
FER_1,-18.27474412,-22.44788532,-20.7672034,5.39564,4.30956,5.16624,1.77228,470.287,265.357,0.418,0.235855,0.506139418
FER_2,-19.28709569,-23.67684133,-21.92235049,5.26057,4.13529,4.78592,1.83787,420.829,228.976,0.4076,0.221778,0.474123721
GIS_0,-17.50832817,-20.74187056,-19.50498895,4.5682,2.87958,4.5682,1.63598,0,0,0.456,0.278731,0.572100572
GIS_1,-15.63121633,-18.35093646,-17.14224985,4.4865,2.87952,4.4865,1.51154,0,0,0.4804,0.317821,0.698334868
GIS_2,-17.34539,-21.23474149,-19.3056462,4.45656,3.03787,4.45656,1.57593,0,0,0.4524,0.287068,0.60900567
GIS_3,-21.64588855,-27.21700353,-24.04726361,4.76437,3.32145,4.76437,1.54948,1237.27,798.505,0.5296,0.341792,0.43729224
GIS_4,-16.98058295,-20.75521582,-18.68959652,4.43464,3.1132,4.43464,1.58995,0,0,0.4672,0.293847,0.618245568
GIS_5,-15.50570498,-17.99191231,-17.09840358,4.64245,3.16109,4.64245,1.50217,0,0,0.4826,0.32127,0.624668836
GIS_6,-16.93994883,-20.35959471,-18.87213998,4.79225,2.88581,4.79225,1.57239,0,0,0.468,0.297637,0.581688461
GME_0,-15.03710369,-17.45997508,-16.84070037,7.11746,6.69656,7.11746,1.90159,955.471,502.459,0.5008,0.263359,0.618411961
GME_1,-14.54157511,-17.57755942,-16.077036,7.21157,6.58149,7.20989,1.45518,920.383,632.487,0.4998,0.343462,0.653962578
GON_0,-15.62681473,-19.0069928,-17.62240379,5.67216,4.87232,5.67216,1.88704,621.111,329.146,0.3762,0.19936,0.601656162
GON_1,-15.69926906,-19.09764231,-17.74147771,5.76588,5.10201,5.75146,1.92126,666.585,346.952,0.38,0.197787,0.590767406
GOO_0,-18.23277189,-23.05925571,-19.66300854,3.93929,2.59617,3.93715,1.89192,0,0,0.3916,0.206986,0.695591006
HEU_0,-18.12512881,-21.75064616,-20.46716926,5.22412,3.26915,5.21361,1.74799,0,0,0.4182,0.239246,0.485231405
HEU_1,-17.45658801,-20.99247968,-19.69604202,5.40545,3.32243,5.39126,1.68451,387.372,229.962,0.4286,0.254437,0.497711346
HEU_2,-17.73459155,-21.19832623,-20.00666741,5.29972,3.3398,5.29509,1.71135,797.477,465.992,0.424,0.247757,0.500239971
IFO_0,-11.88841911,-14.21997872,-13.28362744,7.42211,6.97938,7.41291,1.72379,1038.21,602.285,0.4366,0.253279,0.678182795
IFO_1,-14.45948451,-17.71293658,-16.03719273,7.6995,7.36283,7.6995,1.68738,1052.31,623.637,0.4874,0.288851,0.801915386
IFR_0,-14.87582824,-17.89392043,-16.77923294,6.56829,5.98202,6.38944,1.71149,1133.79,662.455,0.4358,0.254631,0.57141431
IFR_1,-14.92244819,-17.92026476,-16.81618115,6.59127,5.86814,6.5528,1.69899,1111.37,654.137,0.4412,0.259684,0.593160949
IFT,-9.77469011,-11.69964959,-10.85922277,10.03607,7.32849,10.03607,1.21921,1742.68,1429.35,0.5966,0.489332,0.710221113
IFU,-10.12412725,-11.93342995,-11.28688093,10.4563,6.44304,10.44916,1.22137,1623.34,1329.12,0.5994,0.490762,0.702491224
IFW,-13.3136702,-15.88495286,-14.92314967,7.21572,5.23361,7.18644,1.57582,1187.07,753.304,0.4762,0.302193,0.654179719
IFY,-16.64067484,-20.03578651,-18.40288345,6.39051,3.42514,6.39051,1.7608,930.678,528.554,0.4176,0.237165,0.664887959
IHW_0,-16.18689443,-19.99802663,-18.2589521,6.08485,3.27365,6.0707,1.84256,0,0,0.3926,0.213073,0.559992299
IHW_1,-16.47866211,-20.32524295,-18.5856023,6.04945,3.20909,6.04343,1.86267,0,0,0.388,0.208303,0.551427989
IMF_0,-16.26142476,-19.5753568,-18.43988489,6.69777,4.88684,6.31633,1.7444,1014.81,581.749,0.4196,0.240541,0.560471313
IMF_1,-16.53629131,-20.00864416,-18.73402441,6.7497,5.03652,6.23438,1.76713,1016.12,575.015,0.4204,0.2379,0.562184156
IRN,-15.3709409,-18.10436208,-17.26360724,8.62335,3.24418,8.6108,1.52847,0,0,0.5012,0.32791,0.653863732
IRR_0,-10.34795556,-12.57779941,-11.8584401,13.91522,11.71564,13.91522,1.71469,1556.73,907.883,0.6174,0.360066,0.690340362
IRR_1,-9.56998594,-11.40968538,-10.88395222,14.28514,12.1276,14.28514,1.0863,1528.54,1407.1,0.6222,0.572769,0.711599004
IRY,-9.02535741,-10.68322808,-10.03168978,10.69098,8.95477,10.65421,1.11515,1666.85,1494.73,0.6344,0.568894,0.724038243
ISV_0,-12.88686191,-15.73471515,-14.56293965,6.37088,5.78539,6.36648,1.50061,1456.82,970.823,0.5022,0.334664,0.62453776
ISV_1,-13.18655658,-16.11603922,-14.90546246,6.38654,5.69283,6.36353,1.53305,1474.43,961.76,0.4994,0.325755,0.612290034
ITE_0,-14.38032762,-17.21150824,-16.13334467,7.77939,3.81465,7.77181,1.56848,1130.33,720.653,0.4636,0.295573,0.637503104
ITE_1,-14.92118874,-17.9154146,-16.74128799,7.61624,3.45205,7.61624,1.6227,1094.37,674.411,0.4616,0.284464,0.647218022
ITG,-14.3767876,-17.70187901,-16.29990827,6.43907,5.89844,6.4186,1.65442,1123.28,678.957,0.4622,0.279374,0.623688943
ITH_0,-15.83975532,-19.45533853,-17.95272653,6.29582,4.67509,6.29582,1.73855,981.733,564.685,0.4348,0.250093,0.58203951
ITH_1,-16.72630402,-20.68246958,-18.84661752,6.07089,4.42806,5.77063,1.77578,990.117,557.568,0.4288,0.241472,0.610011862
ITR_0,-15.72740441,-19.33916301,-17.81920126,5.95862,4.72055,5.95862,1.73121,984.78,568.839,0.4362,0.251962,0.594781507
ITR_1,-16.12081624,-19.93518318,-18.22505109,6.07669,4.5312,6.07669,1.73388,1003.78,578.922,0.4302,0.248115,0.610039337
ITT_0,-12.98250852,-15.37991786,-15.22953319,12.77099,11.60257,12.77099,1.27966,1443.94,1128.38,0.5818,0.454652,0.66807318
ITV_0,-9.76609125,-11.64352504,-10.99852995,8.53889,6.5811,8.53119,1.07517,2067.58,1923.02,0.6348,0.590417,0.847674466
ITW_0,-17.66744466,-22.4557683,-19.06391485,4.1615,3.47799,4.1615,1.76836,719.913,407.109,0.4164,0.235473,0.847674466
ITW_1,-17.10855193,-22.96660154,-18.41251701,4.07851,3.31784,4.07637,1.8048,556.988,308.615,0.4088,0.226507,0.909746945
IWR_0,-13.84044046,-16.84793671,-15.61662359,6.9016,5.50682,6.89937,1.56058,1368.68,877.037,0.4738,0.303606,0.608459049
IWR_1,-13.81651918,-16.80811888,-15.57387203,7.05779,5.50032,7.05779,1.54181,1380.04,895.081,0.4762,0.308858,0.615905972
IWS_0,-12.36555891,-15.0512498,-13.98133884,7.63416,6.25829,7.63416,1.47579,1468.78,995.252,0.5266,0.356827,0.661303432
IWS_1,-11.78915967,-14.33282037,-13.27789855,8.03688,6.61551,8.03453,1.42822,1493.1,1045.43,0.5306,0.371512,0.659339814
IWV_0,-11.9271144,-13.87770185,-13.27884409,8.13768,6.63317,8.13768,1.49861,1308.19,872.933,0.5082,0.339114,0.69135116
IWV_1,-12.19903395,-14.48149923,-13.54979957,7.7539,5.89169,7.7539,1.56629,1252.2,799.471,0.4904,0.313097,0.69135116
IWW_0,-14.63354077,-17.95261998,-16.56171427,6.55466,5.84333,6.52551,1.65865,1143.81,689.603,0.4574,0.275766,0.581483064
IWW_1,-14.245769,-17.44825078,-16.11961585,6.29785,5.61549,6.26805,1.61021,1145.03,711.108,0.4618,0.286796,0.596384359
JBW_0,-17.57840803,-23.53484938,-17.68142005,3.85599,3.32384,3.63501,1.87375,210.092,112.124,0.3754,0.200347,1.166740934
JOZ_0,-17.52435359,-21.04527164,-19.44851302,4.42457,3.0963,4.42457,1.63277,0,0,0.4472,0.27389,0.58396966
JRY_0,-18.51322768,-24.45389276,-19.91068465,4.10173,3.72442,4.10173,1.84323,570.826,309.688,0.3856,0.209198,0.707995659
JSN_0,-19.11735567,-23.56597326,-21.44949952,4.53475,3.05523,4.52962,1.78306,0,0,0.427,0.239475,0.560854217
JSN_1,-23.06912385,-28.65740416,-25.67714559,4.96663,3.20989,4.95574,1.69865,0,0,0.487,0.286698,0.511244362
JSR_0,-11.69241575,-14.00155071,-13.06463214,7.43146,4.54246,7.43146,1.22554,2104.78,1717.44,0.6038,0.492683,0.682182826
JST_0,-15.37006933,-19.07128198,-17.18092661,4.94733,3.33236,4.94733,1.42752,1364.84,956.091,0.528,0.369871,0.722293599
KFI_0,-14.2197628,-17.51020654,-15.96615243,10.15744,3.63866,10.15744,1.49376,1161.14,777.327,0.5024,0.336331,0.637133172
KFI_1,-14.03980994,-17.20360937,-15.7764987,10.27143,3.61808,10.26803,1.47155,1163.92,790.949,0.5004,0.340049,0.633504459
LAU_0,-17.38670688,-21.19561741,-19.74474524,5.47479,3.66761,5.44104,1.79554,882.979,491.762,0.4098,0.228232,0.497004597
LAU_1,-15.79166558,-19.28448661,-17.89591458,5.46587,3.88589,5.46587,1.72014,884.564,514.238,0.4164,0.242073,0.51346166
LAU_2,-16.57711798,-20.18932408,-18.79149866,5.37025,3.67197,5.37025,1.76641,752.492,426,0.401,0.227014,0.498949491
LEV_0,-16.17819932,-19.874191,-18.30419526,6.38923,3.13253,6.20078,1.58908,0,0,0.492,0.309613,0.572138251
LEV_1,-15.30714612,-18.80435698,-17.30200818,6.54054,3.27345,6.54052,1.51949,0,0,0.4974,0.327347,0.57891935
LEV_2,-16.19993082,-19.94485132,-18.34054482,6.39796,3.22246,6.39796,1.59563,0,0,0.4888,0.306337,0.548736254
LOV_0,-20.00690716,-21.39344174,-22.60260648,4.26995,3.37722,3.75391,1.67665,616.161,367.495,0.4402,0.262547,0.699893562
LTA_0,-17.36236882,-19.05504928,-20.59532282,10.23827,3.81365,10.23827,1.41416,1259.04,890.304,0.5242,0.370678,0.618333993
LTA_1,-13.8514228,-16.31497028,-16.2069432,10.67106,3.77334,10.64715,1.2734,1277.29,1003.05,0.5612,0.440709,0.618333993
LTA_2,-14.07408169,-16.74497337,-16.42656847,10.64131,3.65721,10.64131,1.28198,1261.61,984.112,0.5602,0.436981,0.618333993
LTF_0,-17.75875392,-21.48642659,-20.41199483,7.75627,7.09551,7.71704,1.78487,457.594,256.373,0.4422,0.247749,0.497617409
LTF_1,-16.95472708,-20.65601828,-19.45497864,7.60106,6.88958,7.60106,1.65111,451.552,273.483,0.4404,0.266729,0.519503223
LTL_0,-13.07680613,-15.36752164,-14.59976297,9.61198,7.09968,9.61198,1.81628,868.164,477.989,0.4532,0.24952,0.652300282
LTL_1,-12.67603664,-14.86193032,-14.14013229,9.54863,7.0475,9.54863,1.60161,908.889,567.484,0.4572,0.285462,0.655531602
LTL_2,-12.80968305,-15.01989229,-14.31540145,9.34476,6.80032,9.34476,1.62902,890.368,546.567,0.444,0.272557,0.639737157
MAZ_0,-17.7750893,-21.53849671,-20.52495003,7.68968,7.10074,7.55124,1.95638,517.975,264.762,0.4528,0.231448,0.541207925
MAZ_1,-16.63144275,-20.28292112,-19.16762999,7.74295,7.04249,7.74295,1.60357,504.525,314.626,0.4588,0.286112,0.55739153
MEI_0,-13.49197146,-15.66032457,-15.12559257,7.66225,6.47433,7.66225,1.67031,1417.5,848.642,0.5202,0.311439,0.619179685
MEI_1,-13.1707838,-15.52185021,-14.69286841,7.84768,6.53397,7.84768,1.4239,1445.09,1014.88,0.5296,0.371935,0.614811774
MEL_0,-16.01478122,-19.19323835,-18.14274617,6.87178,4.78426,6.854,1.73204,1025.37,591.997,0.4208,0.24295,0.562931681
MEL_1,-16.91503061,-20.38584787,-19.17040734,6.30808,4.42951,6.30808,1.77359,992.337,559.508,0.4076,0.229816,0.528705775
MEL_2,-16.72465187,-20.10516424,-18.95597086,6.63953,4.77634,6.63953,1.77589,1014.78,571.42,0.411,0.231433,0.523765916
MER_0,-17.36819874,-19.641123,-19.2473092,6.24773,3.80047,6.24773,1.63365,715.938,438.243,0.4646,0.284393,0.613583367
MER_1,-16.05028044,-18.5776574,-17.42003097,5.75786,3.13459,5.75786,1.59817,0,0,0.468,0.292835,0.695227336
MER_2,-16.25171665,-20.06476044,-18.5804825,5.65941,3.25057,3.41826,1.71616,0,0,0.4246,0.247412,0.571365945
MFI_0,-17.05889017,-20.86717987,-19.09808877,5.94159,4.29903,5.93816,1.83795,923.512,502.467,0.4,0.217633,0.571013155
MFI_1,-17.2727813,-20.87525102,-19.57126377,6.18235,4.75402,6.17842,1.79633,983.281,547.382,0.4216,0.2347,0.549935137
MFI_2,-16.99551552,-20.48188765,-19.21303528,6.22275,4.64909,6.21525,1.79254,987.454,550.87,0.4164,0.232296,0.548801394
MFS_0,-15.65011432,-18.83888384,-17.66374881,6.22239,4.94279,6.22239,1.74039,813.52,467.435,0.4254,0.244428,0.594164595
MFS_1,-16.38218179,-19.78464498,-18.4956965,6.10781,4.76957,6.10781,1.81258,792.831,437.404,0.4156,0.229286,0.585018851
MON_0,-16.0042037,-21.32341319,-15.73017548,3.76288,3.13631,3.76288,1.76076,0,0,0.4222,0.239783,1.478078659
MOR_0,-18.20061668,-17.24745125,-20.48144417,6.19601,6.03797,6.19601,1.69388,906.417,535.112,0.4374,0.258223,0.574777586
MOR_1,-18.2573258,-17.13168876,-20.5532449,6.25963,6.10733,6.25963,1.70057,693.723,407.936,0.4408,0.259208,0.549256786
MOZ_0,-15.51184611,-18.88776088,-17.664858,9.63325,7.13809,9.63325,1.74259,590.78,339.025,0.4398,0.252383,0.561694021
MOZ_1,-15.02594874,-18.26696287,-17.0495328,9.29953,6.7474,9.29953,1.68038,961.811,572.378,0.4368,0.259942,0.599565993
MRE_0,-17.29172342,-21.18867288,-19.67061495,5.74417,5.19127,5.72958,1.9607,539.204,275.006,0.3532,0.18014,0.464227463
MRE_1,-18.02783821,-22.07106191,-20.52436644,5.48758,4.89488,5.48758,1.98793,503.229,253.143,0.3452,0.173648,0.456457905
MRT,-17.64807473,-21.70851088,-19.97992393,5.40545,3.31723,4.86873,1.71014,616.868,360.713,0.4238,0.247817,0.552374212
MSE_0,-14.04198082,-17.20656081,-15.8937659,6.50057,6.01025,6.48726,1.63279,1238.08,758.262,0.4654,0.285033,0.595713942
MSE_1,-14.09221835,-17.16807708,-15.94854264,6.48882,6.02589,6.47365,1.65373,1220.31,737.91,0.4558,0.275619,0.589921534
MTF_0,-17.86379444,-21.97308665,-20.14271642,5.59384,3.63125,5.582,2.06932,520.094,251.336,0.3138,0.151644,0.598365069
MTF_1,-18.3047104,-22.51121206,-20.67876649,5.55214,3.23186,5.53981,2.05846,0,0,0.328,0.159342,0.522129725
MTT_0,-16.31676485,-20.13748141,-18.44369005,5.54495,4.55815,5.48231,1.8165,694.374,382.26,0.3926,0.21613,0.525787718
MTT_1,-18.04745325,-22.25681079,-20.4468241,5.29179,4.39042,5.2179,1.98979,586.511,294.761,0.3616,0.181728,0.478967365
MTW_0,-15.07763803,-18.31818613,-16.95464355,5.31344,5.09838,5.30833,1.81904,747.84,411.118,0.401,0.220446,0.623510315
MTW_1,-15.88639194,-19.45417731,-18.00237252,5.48871,5.11897,5.43691,1.93468,708.555,366.239,0.373,0.192797,0.564088087
MWF,-16.82444971,-20.02248343,-18.65130988,10.06374,3.67434,10.06374,1.60382,192.345,119.93,0.4752,0.296294,0.657967964
MWW_0,-15.54483224,-18.90146565,-17.60292994,9.28791,4.1715,5.72794,2.08436,1267.31,608.008,0.4806,0.230575,0.606188236
MWW_1,-16.51099881,-20.01565772,-18.70787812,9.05194,3.92303,9.05194,1.64723,1197.78,727.147,0.4706,0.285692,0.613590506
NAT_0,-17.00192639,-22.73519908,-17.9941075,3.94936,3.84735,3.94707,1.62033,768.448,474.254,0.46,0.283893,0.801051966
NES_0,-14.2068905,-17.21727369,-15.94324065,6.17238,4.66096,6.16948,1.64052,1133.84,691.145,0.4612,0.28113,0.623376543
NES_1,-15.14312418,-18.5813522,-17.04951195,5.68679,4.44825,5.68679,1.76881,1081.64,611.505,0.4304,0.243327,0.623376543
NPT_0,-14.27576516,-16.83251862,-16.31737321,9.89043,3.17958,5.75582,1.34233,0,0,0.5546,0.413161,0.57730736
OBW_0,-13.45074853,-15.5013614,-15.42195616,8.8607,4.78303,8.8607,1.26983,1273.1,1002.57,0.5822,0.458485,0.616111729
OFF_0,-16.70487591,-20.10388012,-19.1923245,6.49859,6.05037,6.49312,1.74899,794.831,454.452,0.4726,0.270213,0.511941728
OFF_1,-15.85440585,-19.21700952,-18.20177824,6.7635,6.1516,6.7635,1.54828,1193.26,770.7,0.4778,0.3086,0.545722384
OFF_2,-15.69168235,-18.9859367,-18.00276351,6.76055,6.17755,6.76055,1.53678,805.486,524.14,0.4808,0.312863,0.54263
OKO_0,-14.88997539,-18.1064684,-16.87802402,6.30331,5.5041,6.30331,1.74651,1132.53,648.451,0.4342,0.24861,0.577538673
OKO_1,-14.94090983,-18.19642636,-16.95328031,6.44274,5.49504,6.44274,1.75956,1094.52,622.045,0.4306,0.244721,0.599228784
OSI_0,-14.12431774,-17.10071938,-15.87831509,6.26238,5.88168,6.26238,1.76965,690.402,390.135,0.4128,0.233267,0.63775557
OSI_1,-19.05853749,-23.82845717,-21.37790739,6.13218,5.20215,6.13218,1.90685,679.886,356.549,0.4196,0.220049,0.685684753
OSO_0,-12.72466987,-15.38188883,-14.20027474,5.674,5.46744,5.674,1.74306,1607.49,922.224,0.5656,0.324488,0.670813646
OSO_1,-12.7373139,-15.40810919,-14.22105292,5.64674,5.39518,5.64674,1.33468,1613.49,1208.89,0.567,0.424821,0.683794616
OWE_0,-17.99730096,-21.98103527,-20.38267808,5.21524,3.38543,5.18342,1.70908,872.414,510.459,0.4432,0.259321,0.483043022
PAU_0,-16.55334169,-19.50681196,-18.2323159,10.08159,3.66104,10.08159,1.58569,310.749,195.971,0.4682,0.295266,0.670005205
PAU_1,-15.92191448,-18.89526297,-17.69104492,10.17234,3.50266,10.17234,1.55137,309.701,199.631,0.4686,0.302055,0.649454331
PCR_0,-18.98028234,-22.96907419,-21.51060157,5.60181,3.79966,4.73354,1.87081,357.92,191.318,0.3788,0.202479,0.506420866
PCR_1,-18.98775486,-23.06045368,-21.50462538,5.10968,3.60998,4.79853,1.90203,358.796,188.638,0.3776,0.198524,0.544020797
PHI_0,-17.13919756,-21.13104816,-19.26047515,5.00169,3.2511,4.844,1.63418,0,0,0.458,0.280263,0.582897676
PHI_1,-16.91303242,-19.49632343,-18.79929,5.0402,3.01347,5.03866,1.57844,0,0,0.4514,0.285979,0.633621268
PHI_2,-16.66257471,-20.54393646,-18.84127308,5.03457,3.11734,5.0053,1.60124,0,0,0.4466,0.278908,0.547459529
PON_0,-18.10821629,-22.82707572,-20.10354186,4.50165,3.89517,4.50165,1.81326,630.926,347.952,0.4016,0.22148,0.572562055
PON_1,-24.08962086,-31.81911011,-26.19012445,4.30929,3.65508,4.26395,1.87577,593.568,316.439,0.4234,0.22572,0.641851716
POR,-18.06779823,-22.2484168,-20.46543443,5.39281,3.35532,5.03522,1.7527,829.919,473.51,0.4196,0.239403,0.487826393
POS,-14.16975562,-17.25904032,-16.15908823,6.71368,6.13546,6.7134,1.55053,1412.78,911.16,0.4898,0.315892,0.607232562
PSI,-17.76780296,-21.73009634,-20.16738478,5.34631,4.42676,5.34631,2.05209,342.08,166.699,0.3218,0.156816,0.537474449
PUN_0,-15.34203293,-18.9933806,-17.23243205,4.98735,3.95386,4.98129,1.49331,1469.34,983.946,0.5032,0.336969,0.570232287
PWN,-16.20507842,-18.57295424,-17.75913708,10.07381,3.6503,10.07381,1.55716,561.534,360.614,0.4902,0.314804,0
PWO,-16.62045693,-20.84237183,-18.47209445,4.74576,3.91158,4.74576,1.71234,1160.5,677.727,0.4284,0.250184,0.656655584
PWW,-16.72262801,-20.74030366,-18.70088255,4.72419,4.4075,4.63288,1.70032,1055.79,620.94,0.4376,0.257364,0.577131371
RHO_0,-15.93397549,-15.61987895,-17.24124194,10.03077,3.66161,9.10829,1.44221,1308.45,907.253,0.5224,0.362221,0.654508034
RHO_1,-12.68143006,-14.21372951,-13.62036215,9.99801,3.29406,9.99801,1.41022,0,0,0.5132,0.363916,0.736413799
RON_0,-15.70862441,-18.98862373,-17.6222838,5.35931,4.28911,5.15278,1.89317,611.395,322.948,0.3446,0.182022,0.642479539
RRO_0,-15.4943299,-21.46641575,-15.919228,3.86868,3.52279,3.86868,1.78217,315.127,176.822,0.4174,0.234209,1.108860711
RSN_0,-19.25471598,-21.13166067,-21.93959654,4.26429,3.37038,3.74508,1.67673,526.047,313.734,0.4472,0.26671,0.809977011
RTE_0,-16.58881652,-20.41343114,-18.70802301,6.42419,3.57981,6.42237,1.71211,876.531,511.959,0.4324,0.252554,0.564266432
RTE_1,-16.9306658,-20.83237126,-19.10680517,6.27916,3.42052,6.2729,1.72728,895.72,518.574,0.4434,0.256705,0.581632391
RTH_0,-14.5571598,-17.57963425,-16.30572288,7.63706,3.73943,7.63706,1.60531,1113.12,693.399,0.4716,0.293776,0.713578665
RTH_1,-15.16245912,-18.30568351,-16.99027006,7.49467,3.48919,6.95574,1.65414,1091.57,659.901,0.4656,0.281476,0.691075298
RWY_0,-8.59075412,-10.05100977,-9.49230852,14.00449,5.89361,14.00449,0.854621,1973.78,2309.54,0.721,0.843649,0.718788801
SAF_0,-13.9940356,-16.80762162,-15.77372437,6.24034,5.73442,6.24034,1.89556,698.04,368.25,0.382,0.201524,0.622495359
SAF_1,-18.51045183,-22.6339289,-20.70206833,6.2853,5.33445,6.2853,1.91818,717.213,373.903,0.4294,0.223858,0.594350062
SAO_0,-11.78980235,-14.25559827,-13.22496746,8.22178,6.29826,8.22178,1.41518,1591.86,1124.84,0.535,0.378044,0.668975173
SAO_1,-14.86126971,-18.38428076,-16.55786895,7.98049,6.20165,7.98049,1.4119,1615.33,1144.08,0.5914,0.418868,0.764411587
SAS_0,-13.5777835,-16.5256902,-15.20487975,8.54766,3.81888,8.54766,1.4913,1172.75,786.393,0.5008,0.335815,0.673196194
SAS_1,-17.22996227,-21.50756644,-19.16382858,8.51621,3.87112,8.51621,1.51536,1221.46,806.049,0.5386,0.355427,0.750403775
SAT_0,-15.63121299,-18.99960739,-17.7152943,6.18035,2.84665,6.17585,2.29159,0,0,0.4638,0.202392,0.500710179
SAT_1,-20.52599712,-25.42729528,-23.09622674,6.17692,2.70831,6.17692,1.68004,0,0,0.5024,0.29904,0.490361211
SAV_0,-13.91851452,-16.88479566,-15.60286493,8.28251,3.70256,8.25282,1.45792,1301.54,892.735,0.5106,0.350225,0.649041568
SBE_0,-14.23898293,-13.84130569,-16.52448473,12.09716,6.83474,10.92223,1.37014,1308.05,954.679,0.5402,0.394266,0.675261218
SBS_0,-11.0791816,-13.18232962,-12.39849622,10.9769,6.86668,10.91283,1.45998,1425.25,976.212,0.543,0.371923,0.687065398
SBT_0,-11.06562982,-13.17964644,-12.38601852,10.39671,6.94394,10.39671,1.45923,1429.67,979.74,0.5492,0.376362,0.687472431
SEW_0,-15.39291986,-18.00904417,-17.40151444,6.24454,4.77522,6.24012,1.69798,1225.3,721.627,0.4454,0.262312,0.577277143
SEW_1,-15.7969832,-18.54602249,-17.84438739,6.23657,4.88507,6.23657,1.67607,1175.1,701.106,0.4548,0.271349,0.597939832
SFE_0,-13.33780934,-15.96411064,-14.92851206,6.23954,5.81325,6.23954,1.68867,972.953,576.165,0.44,0.26056,0.646226035
SFE_1,-14.74827778,-17.78412452,-16.57198653,5.73778,5.34449,5.73778,1.86406,857.657,460.1,0.3998,0.214478,0.605185037
SFF_0,-14.88766543,-18.08013179,-16.75052624,7.09171,4.9381,7.03833,1.7805,1023.4,574.783,0.4228,0.237462,0.660920445
SFF_1,-14.88200279,-17.8987977,-16.6885895,7.2874,5.06589,7.06533,1.72027,1073.17,623.839,0.4432,0.257635,0.684619307
SFG_0,-15.1498053,-18.26387361,-17.13252472,6.36031,4.9824,6.36031,1.75997,849.088,482.446,0.411,0.233527,0.577947195
SFG_1,-15.99903981,-19.37989956,-18.10867266,6.18252,4.89752,6.18252,1.82937,847.167,463.093,0.4068,0.222372,0.573697091
SFH_0,-12.04761933,-14.38193356,-13.4547082,7.66237,6.36742,7.65181,1.64543,964.212,585.995,0.4312,0.26206,0.66384775
SFH_1,-12.95590556,-15.50127362,-14.52202295,7.30131,6.3094,7.30094,1.78136,918.633,515.692,0.4306,0.241725,0.64904903
SFN_0,-12.10802755,-14.45320778,-13.51805214,7.47088,6.29921,7.41494,1.65159,982.479,594.87,0.4526,0.27404,0.690215135
SFN_1,-12.81914437,-15.34061052,-14.37118286,7.22953,6.03175,7.22953,1.77746,920.436,517.838,0.4268,0.240118,0.666548302
SFO_0,-13.29328979,-15.41694784,-14.71931375,7.48533,6.54891,7.48533,1.5133,1228.82,812.009,0.4994,0.330006,0.690433795
SFS_0,-15.01556688,-17.78048544,-16.97703334,7.0496,5.47792,7.03274,1.65916,1205.76,726.728,0.4478,0.269895,0.607866912
SFS_1,-15.87883036,-18.93739868,-18.0838889,7.00633,5.17236,6.88606,1.70024,1169.95,688.107,0.4414,0.259611,0.59407181
SFW_0,-14.66458915,-17.26184364,-16.40034444,7.13905,3.25315,6.79098,1.50543,0,0,0.503,0.334124,0.638444356
SFW_1,-14.43506032,-16.90716765,-16.07497914,7.0999,3.38284,6.6478,1.49567,1048.41,700.963,0.5012,0.335102,0.642150154
SIV_0,-17.34170545,-20.99014066,-19.3787381,4.98328,3.29366,4.98328,1.63279,0,0,0.4748,0.290791,0.578225038
SOF_0,-16.79571607,-20.54234289,-18.40415411,4.73798,3.81854,4.73798,1.63846,1219.14,744.075,0.4648,0.283681,0.669118902
SOR,-13.92022196,-16.44867976,-15.68910907,6.42351,5.95946,6.40046,1.70363,933.564,547.985,0.4354,0.255572,0.590522897
SOS_0,-14.85268132,-18.55441501,-16.49329537,4.38679,3.82561,4.37416,1.6929,653.311,385.912,0.4594,0.271368,0.754171939
SOV,-13.72080255,-16.74712352,-15.6611194,6.54197,5.89888,6.53138,1.52864,1441.46,942.969,0.4908,0.32107,0.607669095
SSF_0,-12.72203058,-15.2758795,-14.29259514,7.25883,5.76247,7.23856,1.73915,1021.82,587.538,0.451,0.259322,0.646513905
SSF_1,-13.72878381,-16.55861546,-15.48686895,6.92795,5.42115,6.92795,1.74705,1005.73,575.676,0.429,0.245557,0.627386151
SSY_0,-13.24776424,-15.91244161,-14.81968076,6.93735,5.53509,6.65337,1.68355,949.079,563.736,0.4316,0.256363,0.654491418
SSY_1,-14.58556631,-17.62483099,-16.41754193,6.44354,5.1556,6.4235,1.85372,882.714,476.186,0.4002,0.215891,0.625959437
STF_0,-14.72045353,-17.59650174,-16.48576138,7.21986,5.03574,7.21986,1.6837,1085.01,644.418,0.444,0.263705,0.670701913
STF_1,-14.85950783,-17.88430025,-16.68073791,7.11052,5.06355,7.08697,1.72348,1119.35,649.47,0.4328,0.25112,0.687907022
STI_0,-15.93547327,-19.70904615,-18.01163938,5.82266,4.54185,5.81726,1.66572,1155.35,693.602,0.465,0.279158,0.547659755
STI_1,-15.55467136,-19.20248702,-17.58548684,5.66594,4.15229,5.66594,1.61565,1102.7,682.515,0.4588,0.283973,0.536109869
STI_2,-15.52895849,-19.15914534,-17.54283086,5.75405,4.54327,5.75405,1.62287,1126.34,694.045,0.4498,0.277164,0.528195325
STI_3,-15.52619339,-19.1600941,-17.54504038,5.73882,4.87091,5.73882,1.62149,1116,688.254,0.4586,0.282825,0.537937991
STO_0,-14.53209476,-17.54971888,-16.3897097,6.3995,5.60609,6.30686,1.86599,737.793,395.391,0.3838,0.205682,0.623686185
STO_1,-14.52674166,-17.54854926,-16.39098397,6.39669,5.60749,6.3085,1.866,741.416,397.328,0.3838,0.20568,0.614709741
STT_0,-15.50357949,-18.6560089,-17.44501254,6.56577,3.67399,6.56577,1.69239,1077.63,636.751,0.4312,0.254787,0.619111435
STT_1,-15.72801264,-19.02915751,-17.6944275,6.71141,3.51299,6.70816,1.69901,1050.01,618.01,0.4344,0.255678,0.609055399
STW_0,-16.50422705,-20.33402026,-18.38437428,4.90862,4.47824,4.8969,1.76592,1270.34,719.365,0.451,0.255391,0.631530381
SVR_0,-16.61016878,-20.25809537,-18.78719555,5.34096,4.58964,5.34096,1.54654,991.822,641.318,0.4358,0.281791,0.531476843
SVR_1,-16.61260706,-20.25996592,-18.77339384,5.47023,4.66194,5.25032,1.74495,996.485,571.067,0.4134,0.236912,0.546728516
SWY,-16.03491007,-19.40174654,-18.32782809,6.50646,3.03092,6.50228,1.60407,0,0,0.475,0.296121,0.53361956
SZR_0,-16.61559632,-20.41729341,-18.730103,5.59362,4.29163,5.41789,1.66767,727.029,435.954,0.4216,0.252807,0.610392204
SZR_1,-16.61559632,-20.41729341,-18.730103,5.47228,4.21874,5.13085,1.8004,702.46,390.168,0.3988,0.221506,0.636097186
TER_0,-16.16589202,-19.57572903,-18.169176,6.18221,4.69054,6.17894,1.7004,1100.06,646.944,0.4244,0.249589,0.568073464
TER_1,-16.19734538,-19.63894255,-18.17975784,6.26216,4.59505,6.26216,1.70879,1089.09,637.346,0.4234,0.247778,0.597041364
THO_0,-17.72429889,-21.7727322,-19.81909439,4.47856,3.28935,4.47221,1.57063,0,0,0.4868,0.30994,0.534224813
TON_0,-16.62842044,-20.27411439,-18.79229037,5.04731,4.64972,5.03716,1.81029,687.986,380.043,0.396,0.21875,0.580134288
TON_1,-18.25320782,-22.48172152,-20.57115444,4.77216,4.48228,4.77216,1.96871,598.755,304.136,0.3524,0.179001,0.541206341
TSC_0,-16.67751391,-15.49122026,-20.51937817,15.87086,3.68135,15.87086,1.31869,1174.84,890.916,0.5712,0.433157,0.669393921
TSC_1,-10.83425733,-11.06884132,-12.42687119,16.64101,3.86437,16.64101,1.1896,1210.83,1017.85,0.6038,0.507567,0.682108027
TUN_0,-16.08787275,-19.45259598,-18.22508272,8.04241,4.9923,8.03129,1.75678,1036.27,589.868,0.4198,0.23896,0.583582933
TUN_1,-16.13377181,-19.54836155,-18.34415101,8.02978,5.11865,7.74994,1.74099,1046.21,600.925,0.4328,0.248594,0.583582933
UEI_0,-18.81205793,-20.50632471,-20.88885668,5.11766,3.36371,4.87133,1.74209,478.63,274.745,0.421,0.241664,0.532029094
UFI_0,-18.14821289,-21.09966511,-21.20796497,9.69004,3.49453,9.69004,1.51674,1199.69,790.961,0.507,0.334269,0.563064248
UFI_1,-18.23750337,-21.04596387,-21.08590269,9.45921,3.32036,9.45921,1.53513,946.019,616.245,0.5078,0.330786,0.566429618
UOS_0,-17.1145194,-20.89750009,-19.2733906,5.31802,3.75117,5.31802,1.75804,839.43,477.481,0.4284,0.243681,0.60934181
UOV,-14.14416545,-17.21955386,-15.99439218,6.57756,5.78407,6.20669,1.61983,1273.56,786.233,0.4672,0.288425,0.587141233
USI_0,-13.8700772,-16.72671841,-15.41975985,6.3201,5.84374,6.3201,1.58713,1434.46,903.805,0.4774,0.300795,0.636625904
UTL_0,-12.74936464,-14.98575716,-14.47425659,8.69896,7.12008,8.69896,1.55628,1333.23,856.678,0.4944,0.31768,0.672737477
UWY_0,-15.77971272,-19.10706766,-17.81693649,8.37969,5.63563,8.37969,1.6267,1226.87,754.21,0.4652,0.285978,0.606423401
VET_0,-14.99274771,-18.41138603,-16.99120683,5.98719,5.57612,5.98719,2.01344,630.759,313.274,0.3302,0.163998,0.516274624
VET_1,-15.25206253,-18.69351228,-17.24154364,6.03023,5.59462,6.03023,1.97996,643.913,325.216,0.3392,0.171317,0.558416705
VFI_0,-9.36634659,-10.84559131,-10.33954143,11.40675,10.99327,11.19153,1.57263,1072.05,681.692,0.5294,0.336634,0.725669979
VFI_1,-11.98454857,-14.63513271,-13.16955908,11.1899,10.64961,11.1899,1.4424,1108.74,768.678,0.5592,0.387687,0.776048411
VNI_0,-18.09058605,-21.41680973,-19.96289633,4.40384,2.60943,4.40384,1.75271,0,0,0.4164,0.237575,0.775552186
VSV_0,-15.41115981,-20.79658332,-15.73631051,3.74729,3.37111,3.65169,1.67632,457.226,272.756,0.4458,0.265939,1.16292278
WEI_0,-14.04566737,-18.76561993,-13.44465617,3.79248,3.03437,3.79248,1.6467,0,0,0.4628,0.281047,1.498909468
WEN_0,-16.92261688,-20.73503642,-19.07078548,4.97345,3.62364,4.97092,1.78404,928.86,520.649,0.4516,0.253133,0.553762561
YFI,-16.6466552,-16.52567382,-18.50489161,7.36253,5.55241,7.35944,1.63616,944.057,576.995,0.4526,0.276623,0.593799855
YUG_0,-17.81733693,-23.55530292,-18.8428131,4.01634,2.69941,4.01634,1.79096,0,0,0.4038,0.225465,0.81141173
ZON_0,-19.17417983,-23.32741637,-21.76374613,5.21292,3.11896,5.19981,1.80065,0,0,0.4038,0.224252,0.409574468
ZON_1,-22.88379072,-28.67529498,-25.73794594,5.55332,3.10998,5.54597,1.71628,0,0,0.4732,0.275712,0.399430235
